Workbook

Sheet 1
A1: Лист для ежедневной регистрации грязного белья и постельных принадлежностей (в кг)
A2: Дата | B2: Вид стирки | C2: Количество | D2: Общее время | E2: EMULSIFIER | F2: ALKALINE | G2: BLEACH | H2: SOFTENER | I2: NEUTRLIZER | J2: Вес | AH2: Всего Вес | AI2: Ваниш | AK2: Ленор | AM2: Порошок
J3: 1 | L3: 2 | N3: 3 | P3: 4 | R3: 5 | T3: 6 | V3: 7 | X3: 8 | Z3: 9 | AB3: 10 | AD3: 11 | AF3: 12
J4: день | K4: ночь | L4: день | M4: ночь | N4: день | O4: ночь | P4: день | Q4: ночь | R4: день | S4: ночь | T4: день | U4: ночь | V4: день | W4: ночь | X4: день | Y4: ночь | Z4: день | AA4: ночь | AB4: день | AC4: ночь | AD4: день | AE4: ночь | AF4: день | AG4: ночь | AI4: Кол-во | AJ4: Общее | AK4: Кол-во | AL4: Общее | AM4: Кол-во | AN4: Общее
B5: Постель белая | C5: =COUNT(J5:AG9) | D5: =C5*57 | E5: =C5*55*3 | F5: =C5*55*8 | G5: =C5*55*6 | H5: =C5*55*4 | I5: =C5*55*1 | AH5: =SUM(J5:AG9) | AJ5: =AI5*5 | AL5: =AK5*50 | AN5: =AM5*175
B10: Махра белая | C10: =COUNT(J10:AG14) | D10: =C10*51 | E10: =C10*55*3 | F10: =C10*55*8 | G10: =C10*55*6 | H10: =C10*55*5 | I10: =C10*55*1 | AH10: =SUM(J10:AG14) | AJ10: =AI10*5 | AL10: =AK10*50 | AN10: =AM10*175
B15: Униформа белая | C15: =COUNT(J15:AG19) | D15: =C15*55 | E15: =C15*55*3 | F15: =C15*55*8 | G15: =C15*55*5 | H15: =C15*55*3 | I15: =C15*55*1 | AH15: =SUM(J15:AG19) | AJ15: =AI15*5 | AL15: =AK15*50 | AN15: =AM15*175
B20: Униформа темная | C20: =COUNT(J20:AG24) | D20: =C20*45 | E20: =C20*55*2 | F20: =C20*55*6 | G20: =C20*55*0 | H20: =C20*55*3 | I20: =C20*55*1 | AH20: =SUM(J20:AG24) | AJ20: =AI20*5 | AL20: =AK20*50 | AN20: =AM20*175
B25: Синтетика | C25: =COUNT(J25:AG29) | D25: =C25*38 | E25: =C25*55*3 | F25: =C25*55*5 | G25: =C25*55*0 | H25: =C25*55*3 | I25: =C25*55*1 | AH25: =SUM(J25:AG29) | AJ25: =AI25*5 | AL25: =AK25*50 | AN25: =AM25*175
B30: Деликатная | C30: =COUNT(J30:AG34) | D30: =C30*50 | E30: =C30*55*2 | F30: =C30*55*4 | G30: =C30*55*0 | H30: =C30*55*3 | I30: =C30*55*1 | AH30: =SUM(J30:AG34) | AJ30: =AI30*5 | AL30: =AK30*50 | AN30: =AM30*175
B35: Спецодежда | C35: =COUNT(J35:AG39) | D35: =C35*42 | E35: =C35*55*3 | F35: =C35*55*10 | G35: =C35*55*0 | H35: =C35*55*3 | I35: =C35*55*1 | AH35: =SUM(J35:AG39) | AJ35: =AI35*5 | AL35: =AK35*50 | AN35: =AM35*175
A40: ИТОГО | C40: =C5+C10+C15+C20+C25+C30+C35 | D40: =D5+D10+D15+D20+D25+D30+D35 | E40: =E5+E10+E15+E20+E25+E30+E35 | F40: =F5+F10+F15+F20+F25+F30+F35 | G40: =G5+G10+G15+G20+G25+G30+G35 | H40: =H5+H10+H15+H20+H25+H30+H35 | I40: =I5+I10+I15+I20+I25+I30+I35 | J40: =J5+J6+J7+J8+J9+J10+J11+J12+J13+J14+J15+J16+J17+J18+J19+J20+J21+J22+J23+J24+J25+J26+J27+J28+J29+J30+J31+J32+J33+J34+J35+J36+J37+J38+J39 | K40: =K5+K6+K7+K8+K9+K10+K11+K12+K13+K14+K15+K16+K17+K18+K19+K20+K21+K22+K23+K24+K25+K26+K27+K28+K29+K30+K31+K32+K33+K34+K35+K36+K37+K38+K39 | L40: =L5+L6+L7+L8+L9+L10+L11+L12+L13+L14+L15+L16+L17+L18+L19+L20+L21+L22+L23+L24+L25+L26+L27+L28+L29+L30+L31+L32+L33+L34+L35+L36+L37+L38+L39 | M40: =M5+M6+M7+M8+M9+M10+M11+M12+M13+M14+M15+M16+M17+M18+M19+M20+M21+M22+M23+M24+M25+M26+M27+M28+M29+M30+M31+M32+M33+M34+M35+M36+M37+M38+M39 | N40: =N5+N6+N7+N8+N9+N10+N11+N12+N13+N14+N15+N16+N17+N18+N19+N20+N21+N22+N23+N24+N25+N26+N27+N28+N29+N30+N31+N32+N33+N34+N35+N36+N37+N38+N39 | O40: =O5+O6+O7+O8+O9+O10+O11+O12+O13+O14+O15+O16+O17+O18+O19+O20+O21+O22+O23+O24+O25+O26+O27+O28+O29+O30+O31+O32+O33+O34+O35+O36+O37+O38+O39 | P40: =P5+P6+P7+P8+P9+P10+P11+P12+P13+P14+P15+P16+P17+P18+P19+P20+P21+P22+P23+P24+P25+P26+P27+P28+P29+P30+P31+P32+P33+P34+P35+P36+P37+P38+P39 | Q40: =Q5+Q6+Q7+Q8+Q9+Q10+Q11+Q12+Q13+Q14+Q15+Q16+Q17+Q18+Q19+Q20+Q21+Q22+Q23+Q24+Q25+Q26+Q27+Q28+Q29+Q30+Q31+Q32+Q33+Q34+Q35+Q36+Q37+Q38+Q39 | ... AG40: =AG5+AG6+AG7+AG8+AG9+AG10+AG11+AG12+AG13+AG14+AG15+AG16+AG17+AG18+AG19+AG20+AG21+AG22+AG23+AG24+AG25+AG26+AG27+AG28+AG29+AG30+AG31+AG32+AG33+AG34+AG35+AG36+AG37+AG38+AG39 | AH40: =AH5+AH10+AH15+AH20+AH25+AH30+AH35 | AI40: =AI5+AI10+AI15+AI20+AI25+AI30+AI35 | AJ40: =AJ5+AJ10+AJ15+AJ20+AJ25+AJ30+AJ35 | AK40: =AK5+AK10+AK15+AK20+AK25+AK30+AK35 | AL40: =AL5+AL10+AL15+AL20+AL25+AL30+AL35 | AM40: =AM5+AM10+AM15+AM20+AM25+AM30+AM35 | AN40: =AN5+AN10+AN15+AN20+AN25+AN30+AN35

Sheet 2
A1: Лист для ежедневной регистрации грязного белья и постельных принадлежностей (в кг)
A2: Дата | B2: Вид стирки | C2: Количество | D2: Общее время | E2: EMULSIFIER | F2: ALKALINE | G2: BLEACH | H2: SOFTENER | I2: NEUTRLIZER | J2: Вес | AH2: Всего Вес | AI2: Ваниш | AK2: Ленор | AM2: Порошок
J3: 1 | L3: 2 | N3: 3 | P3: 4 | R3: 5 | T3: 6 | V3: 7 | X3: 8 | Z3: 9 | AB3: 10 | AD3: 11 | AF3: 12
J4: день | K4: ночь | L4: день | M4: ночь | N4: день | O4: ночь | P4: день | Q4: ночь | R4: день | S4: ночь | T4: день | U4: ночь | V4: день | W4: ночь | X4: день | Y4: ночь | Z4: день | AA4: ночь | AB4: день | AC4: ночь | AD4: день | AE4: ночь | AF4: день | AG4: ночь | AI4: Кол-во | AJ4: Общее | AK4: Кол-во | AL4: Общее | AM4: Кол-во | AN4: Общее
B5: Постель белая | C5: =COUNT(J5:AG9) | D5: =C5*57 | E5: =C5*55*3 | F5: =C5*55*8 | G5: =C5*55*6 | H5: =C5*55*4 | I5: =C5*55*1 | AH5: =SUM(J5:AG9) | AJ5: =AI5*5 | AL5: =AK5*50 | AN5: =AM5*175
B10: Махра белая | C10: =COUNT(J10:AG14) | D10: =C10*51 | E10: =C10*55*3 | F10: =C10*55*8 | G10: =C10*55*6 | H10: =C10*55*5 | I10: =C10*55*1 | AH10: =SUM(J10:AG14) | AJ10: =AI10*5 | AL10: =AK10*50 | AN10: =AM10*175
B15: Униформа белая | C15: =COUNT(J15:AG19) | D15: =C15*55 | E15: =C15*55*3 | F15: =C15*55*8 | G15: =C15*55*5 | H15: =C15*55*3 | I15: =C15*55*1 | AH15: =SUM(J15:AG19) | AJ15: =AI15*5 | AL15: =AK15*50 | AN15: =AM15*175
B20: Униформа темная | C20: =COUNT(J20:AG24) | D20: =C20*45 | E20: =C20*55*2 | F20: =C20*55*6 | G20: =C20*55*0 | H20: =C20*55*3 | I20: =C20*55*1 | AH20: =SUM(J20:AG24) | AJ20: =AI20*5 | AL20: =AK20*50 | AN20: =AM20*175
B25: Синтетика | C25: =COUNT(J25:AG29) | D25: =C25*38 | E25: =C25*55*3 | F25: =C25*55*5 | G25: =C25*55*0 | H25: =C25*55*3 | I25: =C25*55*1 | AH25: =SUM(J25:AG29) | AJ25: =AI25*5 | AL25: =AK25*50 | AN25: =AM25*175
B30: Деликатная | C30: =COUNT(J30:AG34) | D30: =C30*50 | E30: =C30*55*2 | F30: =C30*55*4 | G30: =C30*55*0 | H30: =C30*55*3 | I30: =C30*55*1 | AH30: =SUM(J30:AG34) | AJ30: =AI30*5 | AL30: =AK30*50 | AN30: =AM30*175
B35: Спецодежда | C35: =COUNT(J35:AG39) | D35: =C35*42 | E35: =C35*55*3 | F35: =C35*55*10 | G35: =C35*55*0 | H35: =C35*55*3 | I35: =C35*55*1 | AH35: =SUM(J35:AG39) | AJ35: =AI35*5 | AL35: =AK35*50 | AN35: =AM35*175
A40: ИТОГО | C40: =C5+C10+C15+C20+C25+C30+C35 | D40: =D5+D10+D15+D20+D25+D30+D35 | E40: =E5+E10+E15+E20+E25+E30+E35 | F40: =F5+F10+F15+F20+F25+F30+F35 | G40: =G5+G10+G15+G20+G25+G30+G35 | H40: =H5+H10+H15+H20+H25+H30+H35 | I40: =I5+I10+I15+I20+I25+I30+I35 | J40: =J5+J6+J7+J8+J9+J10+J11+J12+J13+J14+J15+J16+J17+J18+J19+J20+J21+J22+J23+J24+J25+J26+J27+J28+J29+J30+J31+J32+J33+J34+J35+J36+J37+J38+J39 | K40: =K5+K6+K7+K8+K9+K10+K11+K12+K13+K14+K15+K16+K17+K18+K19+K20+K21+K22+K23+K24+K25+K26+K27+K28+K29+K30+K31+K32+K33+K34+K35+K36+K37+K38+K39 | L40: =L5+L6+L7+L8+L9+L10+L11+L12+L13+L14+L15+L16+L17+L18+L19+L20+L21+L22+L23+L24+L25+L26+L27+L28+L29+L30+L31+L32+L33+L34+L35+L36+L37+L38+L39 | M40: =M5+M6+M7+M8+M9+M10+M11+M12+M13+M14+M15+M16+M17+M18+M19+M20+M21+M22+M23+M24+M25+M26+M27+M28+M29+M30+M31+M32+M33+M34+M35+M36+M37+M38+M39 | N40: =N5+N6+N7+N8+N9+N10+N11+N12+N13+N14+N15+N16+N17+N18+N19+N20+N21+N22+N23+N24+N25+N26+N27+N28+N29+N30+N31+N32+N33+N34+N35+N36+N37+N38+N39 | O40: =O5+O6+O7+O8+O9+O10+O11+O12+O13+O14+O15+O16+O17+O18+O19+O20+O21+O22+O23+O24+O25+O26+O27+O28+O29+O30+O31+O32+O33+O34+O35+O36+O37+O38+O39 | P40: =P5+P6+P7+P8+P9+P10+P11+P12+P13+P14+P15+P16+P17+P18+P19+P20+P21+P22+P23+P24+P25+P26+P27+P28+P29+P30+P31+P32+P33+P34+P35+P36+P37+P38+P39 | Q40: =Q5+Q6+Q7+Q8+Q9+Q10+Q11+Q12+Q13+Q14+Q15+Q16+Q17+Q18+Q19+Q20+Q21+Q22+Q23+Q24+Q25+Q26+Q27+Q28+Q29+Q30+Q31+Q32+Q33+Q34+Q35+Q36+Q37+Q38+Q39 | ... AG40: =AG5+AG6+AG7+AG8+AG9+AG10+AG11+AG12+AG13+AG14+AG15+AG16+AG17+AG18+AG19+AG20+AG21+AG22+AG23+AG24+AG25+AG26+AG27+AG28+AG29+AG30+AG31+AG32+AG33+AG34+AG35+AG36+AG37+AG38+AG39 | AH40: =AH5+AH10+AH15+AH20+AH25+AH30+AH35 | AI40: =AI5+AI10+AI15+AI20+AI25+AI30+AI35 | AJ40: =AJ5+AJ10+AJ15+AJ20+AJ25+AJ30+AJ35 | AK40: =AK5+AK10+AK15+AK20+AK25+AK30+AK35 | AL40: =AL5+AL10+AL15+AL20+AL25+AL30+AL35 | AM40: =AM5+AM10+AM15+AM20+AM25+AM30+AM35 | AN40: =AN5+AN10+AN15+AN20+AN25+AN30+AN35

Sheet 3
A1: Лист для ежедневной регистрации грязного белья и постельных принадлежностей (в кг)
A2: Дата | B2: Вид стирки | C2: Количество | D2: Общее время | E2: EMULSIFIER | F2: ALKALINE | G2: BLEACH | H2: SOFTENER | I2: NEUTRLIZER | J2: Вес | AH2: Всего Вес | AI2: Ваниш | AK2: Ленор | AM2: Порошок
J3: 1 | L3: 2 | N3: 3 | P3: 4 | R3: 5 | T3: 6 | V3: 7 | X3: 8 | Z3: 9 | AB3: 10 | AD3: 11 | AF3: 12
J4: день | K4: ночь | L4: день | M4: ночь | N4: день | O4: ночь | P4: день | Q4: ночь | R4: день | S4: ночь | T4: день | U4: ночь | V4: день | W4: ночь | X4: день | Y4: ночь | Z4: день | AA4: ночь | AB4: день | AC4: ночь | AD4: день | AE4: ночь | AF4: день | AG4: ночь | AI4: Кол-во | AJ4: Общее | AK4: Кол-во | AL4: Общее | AM4: Кол-во | AN4: Общее
B5: Постель белая | C5: =COUNT(J5:AG9) | D5: =C5*57 | E5: =C5*55*3 | F5: =C5*55*8 | G5: =C5*55*6 | H5: =C5*55*4 | I5: =C5*55*1 | AH5: =SUM(J5:AG9) | AJ5: =AI5*5 | AL5: =AK5*50 | AN5: =AM5*175
B10: Махра белая | C10: =COUNT(J10:AG14) | D10: =C10*51 | E10: =C10*55*3 | F10: =C10*55*8 | G10: =C10*55*6 | H10: =C10*55*5 | I10: =C10*55*1 | AH10: =SUM(J10:AG14) | AJ10: =AI10*5 | AL10: =AK10*50 | AN10: =AM10*175
B15: Униформа белая | C15: =COUNT(J15:AG19) | D15: =C15*55 | E15: =C15*55*3 | F15: =C15*55*8 | G15: =C15*55*5 | H15: =C15*55*3 | I15: =C15*55*1 | AH15: =SUM(J15:AG19) | AJ15: =AI15*5 | AL15: =AK15*50 | AN15: =AM15*175
B20: Униформа темная | C20: =COUNT(J20:AG24) | D20: =C20*45 | E20: =C20*55*2 | F20: =C20*55*6 | G20: =C20*55*0 | H20: =C20*55*3 | I20: =C20*55*1 | AH20: =SUM(J20:AG24) | AJ20: =AI20*5 | AL20: =AK20*50 | AN20: =AM20*175
B25: Синтетика | C25: =COUNT(J25:AG29) | D25: =C25*38 | E25: =C25*55*3 | F25: =C25*55*5 | G25: =C25*55*0 | H25: =C25*55*3 | I25: =C25*55*1 | AH25: =SUM(J25:AG29) | AJ25: =AI25*5 | AL25: =AK25*50 | AN25: =AM25*175
B30: Деликатная | C30: =COUNT(J30:AG34) | D30: =C30*50 | E30: =C30*55*2 | F30: =C30*55*4 | G30: =C30*55*0 | H30: =C30*55*3 | I30: =C30*55*1 | AH30: =SUM(J30:AG34) | AJ30: =AI30*5 | AL30: =AK30*50 | AN30: =AM30*175
B35: Спецодежда | C35: =COUNT(J35:AG39) | D35: =C35*42 | E35: =C35*55*3 | F35: =C35*55*10 | G35: =C35*55*0 | H35: =C35*55*3 | I35: =C35*55*1 | AH35: =SUM(J35:AG39) | AJ35: =AI35*5 | AL35: =AK35*50 | AN35: =AM35*175
A40: ИТОГО | C40: =C5+C10+C15+C20+C25+C30+C35 | D40: =D5+D10+D15+D20+D25+D30+D35 | E40: =E5+E10+E15+E20+E25+E30+E35 | F40: =F5+F10+F15+F20+F25+F30+F35 | G40: =G5+G10+G15+G20+G25+G30+G35 | H40: =H5+H10+H15+H20+H25+H30+H35 | I40: =I5+I10+I15+I20+I25+I30+I35 | J40: =J5+J6+J7+J8+J9+J10+J11+J12+J13+J14+J15+J16+J17+J18+J19+J20+J21+J22+J23+J24+J25+J26+J27+J28+J29+J30+J31+J32+J33+J34+J35+J36+J37+J38+J39 | K40: =K5+K6+K7+K8+K9+K10+K11+K12+K13+K14+K15+K16+K17+K18+K19+K20+K21+K22+K23+K24+K25+K26+K27+K28+K29+K30+K31+K32+K33+K34+K35+K36+K37+K38+K39 | L40: =L5+L6+L7+L8+L9+L10+L11+L12+L13+L14+L15+L16+L17+L18+L19+L20+L21+L22+L23+L24+L25+L26+L27+L28+L29+L30+L31+L32+L33+L34+L35+L36+L37+L38+L39 | M40: =M5+M6+M7+M8+M9+M10+M11+M12+M13+M14+M15+M16+M17+M18+M19+M20+M21+M22+M23+M24+M25+M26+M27+M28+M29+M30+M31+M32+M33+M34+M35+M36+M37+M38+M39 | N40: =N5+N6+N7+N8+N9+N10+N11+N12+N13+N14+N15+N16+N17+N18+N19+N20+N21+N22+N23+N24+N25+N26+N27+N28+N29+N30+N31+N32+N33+N34+N35+N36+N37+N38+N39 | O40: =O5+O6+O7+O8+O9+O10+O11+O12+O13+O14+O15+O16+O17+O18+O19+O20+O21+O22+O23+O24+O25+O26+O27+O28+O29+O30+O31+O32+O33+O34+O35+O36+O37+O38+O39 | P40: =P5+P6+P7+P8+P9+P10+P11+P12+P13+P14+P15+P16+P17+P18+P19+P20+P21+P22+P23+P24+P25+P26+P27+P28+P29+P30+P31+P32+P33+P34+P35+P36+P37+P38+P39 | Q40: =Q5+Q6+Q7+Q8+Q9+Q10+Q11+Q12+Q13+Q14+Q15+Q16+Q17+Q18+Q19+Q20+Q21+Q22+Q23+Q24+Q25+Q26+Q27+Q28+Q29+Q30+Q31+Q32+Q33+Q34+Q35+Q36+Q37+Q38+Q39 | ... AG40: =AG5+AG6+AG7+AG8+AG9+AG10+AG11+AG12+AG13+AG14+AG15+AG16+AG17+AG18+AG19+AG20+AG21+AG22+AG23+AG24+AG25+AG26+AG27+AG28+AG29+AG30+AG31+AG32+AG33+AG34+AG35+AG36+AG37+AG38+AG39 | AH40: =AH5+AH10+AH15+AH20+AH25+AH30+AH35 | AI40: =AI5+AI10+AI15+AI20+AI25+AI30+AI35 | AJ40: =AJ5+AJ10+AJ15+AJ20+AJ25+AJ30+AJ35 | AK40: =AK5+AK10+AK15+AK20+AK25+AK30+AK35 | AL40: =AL5+AL10+AL15+AL20+AL25+AL30+AL35 | AM40: =AM5+AM10+AM15+AM20+AM25+AM30+AM35 | AN40: =AN5+AN10+AN15+AN20+AN25+AN30+AN35

Sheet 4
A1: Лист для ежедневной регистрации грязного белья и постельных принадлежностей (в кг)
A2: Дата | B2: Вид стирки | C2: Количество | D2: Общее время | E2: EMULSIFIER | F2: ALKALINE | G2: BLEACH | H2: SOFTENER | I2: NEUTRLIZER | J2: Вес | AH2: Всего Вес | AI2: Ваниш | AK2: Ленор | AM2: Порошок
J3: 1 | L3: 2 | N3: 3 | P3: 4 | R3: 5 | T3: 6 | V3: 7 | X3: 8 | Z3: 9 | AB3: 10 | AD3: 11 | AF3: 12
J4: день | K4: ночь | L4: день | M4: ночь | N4: день | O4: ночь | P4: день | Q4: ночь | R4: день | S4: ночь | T4: день | U4: ночь | V4: день | W4: ночь | X4: день | Y4: ночь | Z4: день | AA4: ночь | AB4: день | AC4: ночь | AD4: день | AE4: ночь | AF4: день | AG4: ночь | AI4: Кол-во | AJ4: Общее | AK4: Кол-во | AL4: Общее | AM4: Кол-во | AN4: Общее
B5: Постель белая | C5: =COUNT(J5:AG9) | D5: =C5*57 | E5: =C5*55*3 | F5: =C5*55*8 | G5: =C5*55*6 | H5: =C5*55*4 | I5: =C5*55*1 | AH5: =SUM(J5:AG9) | AJ5: =AI5*5 | AL5: =AK5*50 | AN5: =AM5*175
B10: Махра белая | C10: =COUNT(J10:AG14) | D10: =C10*51 | E10: =C10*55*3 | F10: =C10*55*8 | G10: =C10*55*6 | H10: =C10*55*5 | I10: =C10*55*1 | AH10: =SUM(J10:AG14) | AJ10: =AI10*5 | AL10: =AK10*50 | AN10: =AM10*175
B15: Униформа белая | C15: =COUNT(J15:AG19) | D15: =C15*55 | E15: =C15*55*3 | F15: =C15*55*8 | G15: =C15*55*5 | H15: =C15*55*3 | I15: =C15*55*1 | AH15: =SUM(J15:AG19) | AJ15: =AI15*5 | AL15: =AK15*50 | AN15: =AM15*175
B20: Униформа темная | C20: =COUNT(J20:AG24) | D20: =C20*45 | E20: =C20*55*2 | F20: =C20*55*6 | G20: =C20*55*0 | H20: =C20*55*3 | I20: =C20*55*1 | AH20: =SUM(J20:AG24) | AJ20: =AI20*5 | AL20: =AK20*50 | AN20: =AM20*175
B25: Синтетика | C25: =COUNT(J25:AG29) | D25: =C25*38 | E25: =C25*55*3 | F25: =C25*55*5 | G25: =C25*55*0 | H25: =C25*55*3 | I25: =C25*55*1 | AH25: =SUM(J25:AG29) | AJ25: =AI25*5 | AL25: =AK25*50 | AN25: =AM25*175
B30: Деликатная | C30: =COUNT(J30:AG34) | D30: =C30*50 | E30: =C30*55*2 | F30: =C30*55*4 | G30: =C30*55*0 | H30: =C30*55*3 | I30: =C30*55*1 | AH30: =SUM(J30:AG34) | AJ30: =AI30*5 | AL30: =AK30*50 | AN30: =AM30*175
B35: Спецодежда | C35: =COUNT(J35:AG39) | D35: =C35*42 | E35: =C35*55*3 | F35: =C35*55*10 | G35: =C35*55*0 | H35: =C35*55*3 | I35: =C35*55*1 | AH35: =SUM(J35:AG39) | AJ35: =AI35*5 | AL35: =AK35*50 | AN35: =AM35*175
A40: ИТОГО | C40: =C5+C10+C15+C20+C25+C30+C35 | D40: =D5+D10+D15+D20+D25+D30+D35 | E40: =E5+E10+E15+E20+E25+E30+E35 | F40: =F5+F10+F15+F20+F25+F30+F35 | G40: =G5+G10+G15+G20+G25+G30+G35 | H40: =H5+H10+H15+H20+H25+H30+H35 | I40: =I5+I10+I15+I20+I25+I30+I35 | J40: =J5+J6+J7+J8+J9+J10+J11+J12+J13+J14+J15+J16+J17+J18+J19+J20+J21+J22+J23+J24+J25+J26+J27+J28+J29+J30+J31+J32+J33+J34+J35+J36+J37+J38+J39 | K40: =K5+K6+K7+K8+K9+K10+K11+K12+K13+K14+K15+K16+K17+K18+K19+K20+K21+K22+K23+K24+K25+K26+K27+K28+K29+K30+K31+K32+K33+K34+K35+K36+K37+K38+K39 | L40: =L5+L6+L7+L8+L9+L10+L11+L12+L13+L14+L15+L16+L17+L18+L19+L20+L21+L22+L23+L24+L25+L26+L27+L28+L29+L30+L31+L32+L33+L34+L35+L36+L37+L38+L39 | M40: =M5+M6+M7+M8+M9+M10+M11+M12+M13+M14+M15+M16+M17+M18+M19+M20+M21+M22+M23+M24+M25+M26+M27+M28+M29+M30+M31+M32+M33+M34+M35+M36+M37+M38+M39 | N40: =N5+N6+N7+N8+N9+N10+N11+N12+N13+N14+N15+N16+N17+N18+N19+N20+N21+N22+N23+N24+N25+N26+N27+N28+N29+N30+N31+N32+N33+N34+N35+N36+N37+N38+N39 | O40: =O5+O6+O7+O8+O9+O10+O11+O12+O13+O14+O15+O16+O17+O18+O19+O20+O21+O22+O23+O24+O25+O26+O27+O28+O29+O30+O31+O32+O33+O34+O35+O36+O37+O38+O39 | P40: =P5+P6+P7+P8+P9+P10+P11+P12+P13+P14+P15+P16+P17+P18+P19+P20+P21+P22+P23+P24+P25+P26+P27+P28+P29+P30+P31+P32+P33+P34+P35+P36+P37+P38+P39 | Q40: =Q5+Q6+Q7+Q8+Q9+Q10+Q11+Q12+Q13+Q14+Q15+Q16+Q17+Q18+Q19+Q20+Q21+Q22+Q23+Q24+Q25+Q26+Q27+Q28+Q29+Q30+Q31+Q32+Q33+Q34+Q35+Q36+Q37+Q38+Q39 | ... AG40: =AG5+AG6+AG7+AG8+AG9+AG10+AG11+AG12+AG13+AG14+AG15+AG16+AG17+AG18+AG19+AG20+AG21+AG22+AG23+AG24+AG25+AG26+AG27+AG28+AG29+AG30+AG31+AG32+AG33+AG34+AG35+AG36+AG37+AG38+AG39 | AH40: =AH5+AH10+AH15+AH20+AH25+AH30+AH35 | AI40: =AI5+AI10+AI15+AI20+AI25+AI30+AI35 | AJ40: =AJ5+AJ10+AJ15+AJ20+AJ25+AJ30+AJ35 | AK40: =AK5+AK10+AK15+AK20+AK25+AK30+AK35 | AL40: =AL5+AL10+AL15+AL20+AL25+AL30+AL35 | AM40: =AM5+AM10+AM15+AM20+AM25+AM30+AM35 | AN40: =AN5+AN10+AN15+AN20+AN25+AN30+AN35

Sheet 5
A1: Лист для ежедневной регистрации грязного белья и постельных принадлежностей (в кг)
A2: Дата | B2: Вид стирки | C2: Количество | D2: Общее время | E2: EMULSIFIER | F2: ALKALINE | G2: BLEACH | H2: SOFTENER | I2: NEUTRLIZER | J2: Вес | AH2: Всего Вес | AI2: Ваниш | AK2: Ленор | AM2: Порошок
J3: 1 | L3: 2 | N3: 3 | P3: 4 | R3: 5 | T3: 6 | V3: 7 | X3: 8 | Z3: 9 | AB3: 10 | AD3: 11 | AF3: 12
J4: день | K4: ночь | L4: день | M4: ночь | N4: день | O4: ночь | P4: день | Q4: ночь | R4: день | S4: ночь | T4: день | U4: ночь | V4: день | W4: ночь | X4: день | Y4: ночь | Z4: день | AA4: ночь | AB4: день | AC4: ночь | AD4: день | AE4: ночь | AF4: день | AG4: ночь | AI4: Кол-во | AJ4: Общее | AK4: Кол-во | AL4: Общее | AM4: Кол-во | AN4: Общее
B5: Постель белая | C5: =COUNT(J5:AG9) | D5: =C5*57 | E5: =C5*55*3 | F5: =C5*55*8 | G5: =C5*55*6 | H5: =C5*55*4 | I5: =C5*55*1 | AH5: =SUM(J5:AG9) | AJ5: =AI5*5 | AL5: =AK5*50 | AN5: =AM5*175
B10: Махра белая | C10: =COUNT(J10:AG14) | D10: =C10*51 | E10: =C10*55*3 | F10: =C10*55*8 | G10: =C10*55*6 | H10: =C10*55*5 | I10: =C10*55*1 | AH10: =SUM(J10:AG14) | AJ10: =AI10*5 | AL10: =AK10*50 | AN10: =AM10*175
B15: Униформа белая | C15: =COUNT(J15:AG19) | D15: =C15*55 | E15: =C15*55*3 | F15: =C15*55*8 | G15: =C15*55*5 | H15: =C15*55*3 | I15: =C15*55*1 | AH15: =SUM(J15:AG19) | AJ15: =AI15*5 | AL15: =AK15*50 | AN15: =AM15*175
B20: Униформа темная | C20: =COUNT(J20:AG24) | D20: =C20*45 | E20: =C20*55*2 | F20: =C20*55*6 | G20: =C20*55*0 | H20: =C20*55*3 | I20: =C20*55*1 | AH20: =SUM(J20:AG24) | AJ20: =AI20*5 | AL20: =AK20*50 | AN20: =AM20*175
B25: Синтетика | C25: =COUNT(J25:AG29) | D25: =C25*38 | E25: =C25*55*3 | F25: =C25*55*5 | G25: =C25*55*0 | H25: =C25*55*3 | I25: =C25*55*1 | AH25: =SUM(J25:AG29) | AJ25: =AI25*5 | AL25: =AK25*50 | AN25: =AM25*175
B30: Деликатная | C30: =COUNT(J30:AG34) | D30: =C30*50 | E30: =C30*55*2 | F30: =C30*55*4 | G30: =C30*55*0 | H30: =C30*55*3 | I30: =C30*55*1 | AH30: =SUM(J30:AG34) | AJ30: =AI30*5 | AL30: =AK30*50 | AN30: =AM30*175
B35: Спецодежда | C35: =COUNT(J35:AG39) | D35: =C35*42 | E35: =C35*55*3 | F35: =C35*55*10 | G35: =C35*55*0 | H35: =C35*55*3 | I35: =C35*55*1 | AH35: =SUM(J35:AG39) | AJ35: =AI35*5 | AL35: =AK35*50 | AN35: =AM35*175
A40: ИТОГО | C40: =C5+C10+C15+C20+C25+C30+C35 | D40: =D5+D10+D15+D20+D25+D30+D35 | E40: =E5+E10+E15+E20+E25+E30+E35 | F40: =F5+F10+F15+F20+F25+F30+F35 | G40: =G5+G10+G15+G20+G25+G30+G35 | H40: =H5+H10+H15+H20+H25+H30+H35 | I40: =I5+I10+I15+I20+I25+I30+I35 | J40: =J5+J6+J7+J8+J9+J10+J11+J12+J13+J14+J15+J16+J17+J18+J19+J20+J21+J22+J23+J24+J25+J26+J27+J28+J29+J30+J31+J32+J33+J34+J35+J36+J37+J38+J39 | K40: =K5+K6+K7+K8+K9+K10+K11+K12+K13+K14+K15+K16+K17+K18+K19+K20+K21+K22+K23+K24+K25+K26+K27+K28+K29+K30+K31+K32+K33+K34+K35+K36+K37+K38+K39 | L40: =L5+L6+L7+L8+L9+L10+L11+L12+L13+L14+L15+L16+L17+L18+L19+L20+L21+L22+L23+L24+L25+L26+L27+L28+L29+L30+L31+L32+L33+L34+L35+L36+L37+L38+L39 | M40: =M5+M6+M7+M8+M9+M10+M11+M12+M13+M14+M15+M16+M17+M18+M19+M20+M21+M22+M23+M24+M25+M26+M27+M28+M29+M30+M31+M32+M33+M34+M35+M36+M37+M38+M39 | N40: =N5+N6+N7+N8+N9+N10+N11+N12+N13+N14+N15+N16+N17+N18+N19+N20+N21+N22+N23+N24+N25+N26+N27+N28+N29+N30+N31+N32+N33+N34+N35+N36+N37+N38+N39 | O40: =O5+O6+O7+O8+O9+O10+O11+O12+O13+O14+O15+O16+O17+O18+O19+O20+O21+O22+O23+O24+O25+O26+O27+O28+O29+O30+O31+O32+O33+O34+O35+O36+O37+O38+O39 | P40: =P5+P6+P7+P8+P9+P10+P11+P12+P13+P14+P15+P16+P17+P18+P19+P20+P21+P22+P23+P24+P25+P26+P27+P28+P29+P30+P31+P32+P33+P34+P35+P36+P37+P38+P39 | Q40: =Q5+Q6+Q7+Q8+Q9+Q10+Q11+Q12+Q13+Q14+Q15+Q16+Q17+Q18+Q19+Q20+Q21+Q22+Q23+Q24+Q25+Q26+Q27+Q28+Q29+Q30+Q31+Q32+Q33+Q34+Q35+Q36+Q37+Q38+Q39 | ... AG40: =AG5+AG6+AG7+AG8+AG9+AG10+AG11+AG12+AG13+AG14+AG15+AG16+AG17+AG18+AG19+AG20+AG21+AG22+AG23+AG24+AG25+AG26+AG27+AG28+AG29+AG30+AG31+AG32+AG33+AG34+AG35+AG36+AG37+AG38+AG39 | AH40: =AH5+AH10+AH15+AH20+AH25+AH30+AH35 | AI40: =AI5+AI10+AI15+AI20+AI25+AI30+AI35 | AJ40: =AJ5+AJ10+AJ15+AJ20+AJ25+AJ30+AJ35 | AK40: =AK5+AK10+AK15+AK20+AK25+AK30+AK35 | AL40: =AL5+AL10+AL15+AL20+AL25+AL30+AL35 | AM40: =AM5+AM10+AM15+AM20+AM25+AM30+AM35 | AN40: =AN5+AN10+AN15+AN20+AN25+AN30+AN35

Sheet 6
A1: Лист для ежедневной регистрации грязного белья и постельных принадлежностей (в кг)
A2: Дата | B2: Вид стирки | C2: Количество | D2: Общее время | E2: EMULSIFIER | F2: ALKALINE | G2: BLEACH | H2: SOFTENER | I2: NEUTRLIZER | J2: Вес | AH2: Всего Вес | AI2: Ваниш | AK2: Ленор | AM2: Порошок
J3: 1 | L3: 2 | N3: 3 | P3: 4 | R3: 5 | T3: 6 | V3: 7 | X3: 8 | Z3: 9 | AB3: 10 | AD3: 11 | AF3: 12
J4: день | K4: ночь | L4: день | M4: ночь | N4: день | O4: ночь | P4: день | Q4: ночь | R4: день | S4: ночь | T4: день | U4: ночь | V4: день | W4: ночь | X4: день | Y4: ночь | Z4: день | AA4: ночь | AB4: день | AC4: ночь | AD4: день | AE4: ночь | AF4: день | AG4: ночь | AI4: Кол-во | AJ4: Общее | AK4: Кол-во | AL4: Общее | AM4: Кол-во | AN4: Общее
B5: Постель белая | C5: =COUNT(J5:AG9) | D5: =C5*57 | E5: =C5*55*3 | F5: =C5*55*8 | G5: =C5*55*6 | H5: =C5*55*4 | I5: =C5*55*1 | AH5: =SUM(J5:AG9) | AJ5: =AI5*5 | AL5: =AK5*50 | AN5: =AM5*175
B10: Махра белая | C10: =COUNT(J10:AG14) | D10: =C10*51 | E10: =C10*55*3 | F10: =C10*55*8 | G10: =C10*55*6 | H10: =C10*55*5 | I10: =C10*55*1 | AH10: =SUM(J10:AG14) | AJ10: =AI10*5 | AL10: =AK10*50 | AN10: =AM10*175
B15: Униформа белая | C15: =COUNT(J15:AG19) | D15: =C15*55 | E15: =C15*55*3 | F15: =C15*55*8 | G15: =C15*55*5 | H15: =C15*55*3 | I15: =C15*55*1 | AH15: =SUM(J15:AG19) | AJ15: =AI15*5 | AL15: =AK15*50 | AN15: =AM15*175
B20: Униформа темная | C20: =COUNT(J20:AG24) | D20: =C20*45 | E20: =C20*55*2 | F20: =C20*55*6 | G20: =C20*55*0 | H20: =C20*55*3 | I20: =C20*55*1 | AH20: =SUM(J20:AG24) | AJ20: =AI20*5 | AL20: =AK20*50 | AN20: =AM20*175
B25: Синтетика | C25: =COUNT(J25:AG29) | D25: =C25*38 | E25: =C25*55*3 | F25: =C25*55*5 | G25: =C25*55*0 | H25: =C25*55*3 | I25: =C25*55*1 | AH25: =SUM(J25:AG29) | AJ25: =AI25*5 | AL25: =AK25*50 | AN25: =AM25*175
B30: Деликатная | C30: =COUNT(J30:AG34) | D30: =C30*50 | E30: =C30*55*2 | F30: =C30*55*4 | G30: =C30*55*0 | H30: =C30*55*3 | I30: =C30*55*1 | AH30: =SUM(J30:AG34) | AJ30: =AI30*5 | AL30: =AK30*50 | AN30: =AM30*175
B35: Спецодежда | C35: =COUNT(J35:AG39) | D35: =C35*42 | E35: =C35*55*3 | F35: =C35*55*10 | G35: =C35*55*0 | H35: =C35*55*3 | I35: =C35*55*1 | AH35: =SUM(J35:AG39) | AJ35: =AI35*5 | AL35: =AK35*50 | AN35: =AM35*175
A40: ИТОГО | C40: =C5+C10+C15+C20+C25+C30+C35 | D40: =D5+D10+D15+D20+D25+D30+D35 | E40: =E5+E10+E15+E20+E25+E30+E35 | F40: =F5+F10+F15+F20+F25+F30+F35 | G40: =G5+G10+G15+G20+G25+G30+G35 | H40: =H5+H10+H15+H20+H25+H30+H35 | I40: =I5+I10+I15+I20+I25+I30+I35 | J40: =J5+J6+J7+J8+J9+J10+J11+J12+J13+J14+J15+J16+J17+J18+J19+J20+J21+J22+J23+J24+J25+J26+J27+J28+J29+J30+J31+J32+J33+J34+J35+J36+J37+J38+J39 | K40: =K5+K6+K7+K8+K9+K10+K11+K12+K13+K14+K15+K16+K17+K18+K19+K20+K21+K22+K23+K24+K25+K26+K27+K28+K29+K30+K31+K32+K33+K34+K35+K36+K37+K38+K39 | L40: =L5+L6+L7+L8+L9+L10+L11+L12+L13+L14+L15+L16+L17+L18+L19+L20+L21+L22+L23+L24+L25+L26+L27+L28+L29+L30+L31+L32+L33+L34+L35+L36+L37+L38+L39 | M40: =M5+M6+M7+M8+M9+M10+M11+M12+M13+M14+M15+M16+M17+M18+M19+M20+M21+M22+M23+M24+M25+M26+M27+M28+M29+M30+M31+M32+M33+M34+M35+M36+M37+M38+M39 | N40: =N5+N6+N7+N8+N9+N10+N11+N12+N13+N14+N15+N16+N17+N18+N19+N20+N21+N22+N23+N24+N25+N26+N27+N28+N29+N30+N31+N32+N33+N34+N35+N36+N37+N38+N39 | O40: =O5+O6+O7+O8+O9+O10+O11+O12+O13+O14+O15+O16+O17+O18+O19+O20+O21+O22+O23+O24+O25+O26+O27+O28+O29+O30+O31+O32+O33+O34+O35+O36+O37+O38+O39 | P40: =P5+P6+P7+P8+P9+P10+P11+P12+P13+P14+P15+P16+P17+P18+P19+P20+P21+P22+P23+P24+P25+P26+P27+P28+P29+P30+P31+P32+P33+P34+P35+P36+P37+P38+P39 | Q40: =Q5+Q6+Q7+Q8+Q9+Q10+Q11+Q12+Q13+Q14+Q15+Q16+Q17+Q18+Q19+Q20+Q21+Q22+Q23+Q24+Q25+Q26+Q27+Q28+Q29+Q30+Q31+Q32+Q33+Q34+Q35+Q36+Q37+Q38+Q39 | ... AG40: =AG5+AG6+AG7+AG8+AG9+AG10+AG11+AG12+AG13+AG14+AG15+AG16+AG17+AG18+AG19+AG20+AG21+AG22+AG23+AG24+AG25+AG26+AG27+AG28+AG29+AG30+AG31+AG32+AG33+AG34+AG35+AG36+AG37+AG38+AG39 | AH40: =AH5+AH10+AH15+AH20+AH25+AH30+AH35 | AI40: =AI5+AI10+AI15+AI20+AI25+AI30+AI35 | AJ40: =AJ5+AJ10+AJ15+AJ20+AJ25+AJ30+AJ35 | AK40: =AK5+AK10+AK15+AK20+AK25+AK30+AK35 | AL40: =AL5+AL10+AL15+AL20+AL25+AL30+AL35 | AM40: =AM5+AM10+AM15+AM20+AM25+AM30+AM35 | AN40: =AN5+AN10+AN15+AN20+AN25+AN30+AN35

Sheet 7
A1: Лист для ежедневной регистрации грязного белья и постельных принадлежностей (в кг)
A2: Дата | B2: Вид стирки | C2: Количество | D2: Общее время | E2: EMULSIFIER | F2: ALKALINE | G2: BLEACH | H2: SOFTENER | I2: NEUTRLIZER | J2: Вес | AH2: Всего Вес | AI2: Ваниш | AK2: Ленор | AM2: Порошок
J3: 1 | L3: 2 | N3: 3 | P3: 4 | R3: 5 | T3: 6 | V3: 7 | X3: 8 | Z3: 9 | AB3: 10 | AD3: 11 | AF3: 12
J4: день | K4: ночь | L4: день | M4: ночь | N4: день | O4: ночь | P4: день | Q4: ночь | R4: день | S4: ночь | T4: день | U4: ночь | V4: день | W4: ночь | X4: день | Y4: ночь | Z4: день | AA4: ночь | AB4: день | AC4: ночь | AD4: день | AE4: ночь | AF4: день | AG4: ночь | AI4: Кол-во | AJ4: Общее | AK4: Кол-во | AL4: Общее | AM4: Кол-во | AN4: Общее
B5: Постель белая | C5: =COUNT(J5:AG9) | D5: =C5*57 | E5: =C5*55*3 | F5: =C5*55*8 | G5: =C5*55*6 | H5: =C5*55*4 | I5: =C5*55*1 | AH5: =SUM(J5:AG9) | AJ5: =AI5*5 | AL5: =AK5*50 | AN5: =AM5*175
B10: Махра белая | C10: =COUNT(J10:AG14) | D10: =C10*51 | E10: =C10*55*3 | F10: =C10*55*8 | G10: =C10*55*6 | H10: =C10*55*5 | I10: =C10*55*1 | AH10: =SUM(J10:AG14) | AJ10: =AI10*5 | AL10: =AK10*50 | AN10: =AM10*175
B15: Униформа белая | C15: =COUNT(J15:AG19) | D15: =C15*55 | E15: =C15*55*3 | F15: =C15*55*8 | G15: =C15*55*5 | H15: =C15*55*3 | I15: =C15*55*1 | AH15: =SUM(J15:AG19) | AJ15: =AI15*5 | AL15: =AK15*50 | AN15: =AM15*175
B20: Униформа темная | C20: =COUNT(J20:AG24) | D20: =C20*45 | E20: =C20*55*2 | F20: =C20*55*6 | G20: =C20*55*0 | H20: =C20*55*3 | I20: =C20*55*1 | AH20: =SUM(J20:AG24) | AJ20: =AI20*5 | AL20: =AK20*50 | AN20: =AM20*175
B25: Синтетика | C25: =COUNT(J25:AG29) | D25: =C25*38 | E25: =C25*55*3 | F25: =C25*55*5 | G25: =C25*55*0 | H25: =C25*55*3 | I25: =C25*55*1 | AH25: =SUM(J25:AG29) | AJ25: =AI25*5 | AL25: =AK25*50 | AN25: =AM25*175
B30: Деликатная | C30: =COUNT(J30:AG34) | D30: =C30*50 | E30: =C30*55*2 | F30: =C30*55*4 | G30: =C30*55*0 | H30: =C30*55*3 | I30: =C30*55*1 | AH30: =SUM(J30:AG34) | AJ30: =AI30*5 | AL30: =AK30*50 | AN30: =AM30*175
B35: Спецодежда | C35: =COUNT(J35:AG39) | D35: =C35*42 | E35: =C35*55*3 | F35: =C35*55*10 | G35: =C35*55*0 | H35: =C35*55*3 | I35: =C35*55*1 | AH35: =SUM(J35:AG39) | AJ35: =AI35*5 | AL35: =AK35*50 | AN35: =AM35*175
A40: ИТОГО | C40: =C5+C10+C15+C20+C25+C30+C35 | D40: =D5+D10+D15+D20+D25+D30+D35 | E40: =E5+E10+E15+E20+E25+E30+E35 | F40: =F5+F10+F15+F20+F25+F30+F35 | G40: =G5+G10+G15+G20+G25+G30+G35 | H40: =H5+H10+H15+H20+H25+H30+H35 | I40: =I5+I10+I15+I20+I25+I30+I35 | J40: =J5+J6+J7+J8+J9+J10+J11+J12+J13+J14+J15+J16+J17+J18+J19+J20+J21+J22+J23+J24+J25+J26+J27+J28+J29+J30+J31+J32+J33+J34+J35+J36+J37+J38+J39 | K40: =K5+K6+K7+K8+K9+K10+K11+K12+K13+K14+K15+K16+K17+K18+K19+K20+K21+K22+K23+K24+K25+K26+K27+K28+K29+K30+K31+K32+K33+K34+K35+K36+K37+K38+K39 | L40: =L5+L6+L7+L8+L9+L10+L11+L12+L13+L14+L15+L16+L17+L18+L19+L20+L21+L22+L23+L24+L25+L26+L27+L28+L29+L30+L31+L32+L33+L34+L35+L36+L37+L38+L39 | M40: =M5+M6+M7+M8+M9+M10+M11+M12+M13+M14+M15+M16+M17+M18+M19+M20+M21+M22+M23+M24+M25+M26+M27+M28+M29+M30+M31+M32+M33+M34+M35+M36+M37+M38+M39 | N40: =N5+N6+N7+N8+N9+N10+N11+N12+N13+N14+N15+N16+N17+N18+N19+N20+N21+N22+N23+N24+N25+N26+N27+N28+N29+N30+N31+N32+N33+N34+N35+N36+N37+N38+N39 | O40: =O5+O6+O7+O8+O9+O10+O11+O12+O13+O14+O15+O16+O17+O18+O19+O20+O21+O22+O23+O24+O25+O26+O27+O28+O29+O30+O31+O32+O33+O34+O35+O36+O37+O38+O39 | P40: =P5+P6+P7+P8+P9+P10+P11+P12+P13+P14+P15+P16+P17+P18+P19+P20+P21+P22+P23+P24+P25+P26+P27+P28+P29+P30+P31+P32+P33+P34+P35+P36+P37+P38+P39 | Q40: =Q5+Q6+Q7+Q8+Q9+Q10+Q11+Q12+Q13+Q14+Q15+Q16+Q17+Q18+Q19+Q20+Q21+Q22+Q23+Q24+Q25+Q26+Q27+Q28+Q29+Q30+Q31+Q32+Q33+Q34+Q35+Q36+Q37+Q38+Q39 | ... AG40: =AG5+AG6+AG7+AG8+AG9+AG10+AG11+AG12+AG13+AG14+AG15+AG16+AG17+AG18+AG19+AG20+AG21+AG22+AG23+AG24+AG25+AG26+AG27+AG28+AG29+AG30+AG31+AG32+AG33+AG34+AG35+AG36+AG37+AG38+AG39 | AH40: =AH5+AH10+AH15+AH20+AH25+AH30+AH35 | AI40: =AI5+AI10+AI15+AI20+AI25+AI30+AI35 | AJ40: =AJ5+AJ10+AJ15+AJ20+AJ25+AJ30+AJ35 | AK40: =AK5+AK10+AK15+AK20+AK25+AK30+AK35 | AL40: =AL5+AL10+AL15+AL20+AL25+AL30+AL35 | AM40: =AM5+AM10+AM15+AM20+AM25+AM30+AM35 | AN40: =AN5+AN10+AN15+AN20+AN25+AN30+AN35

Sheet 8
A1: Лист для ежедневной регистрации грязного белья и постельных принадлежностей (в кг)
A2: Дата | B2: Вид стирки | C2: Количество | D2: Общее время | E2: EMULSIFIER | F2: ALKALINE | G2: BLEACH | H2: SOFTENER | I2: NEUTRLIZER | J2: Вес | AH2: Всего Вес | AI2: Ваниш | AK2: Ленор | AM2: Порошок
J3: 1 | L3: 2 | N3: 3 | P3: 4 | R3: 5 | T3: 6 | V3: 7 | X3: 8 | Z3: 9 | AB3: 10 | AD3: 11 | AF3: 12
J4: день | K4: ночь | L4: день | M4: ночь | N4: день | O4: ночь | P4: день | Q4: ночь | R4: день | S4: ночь | T4: день | U4: ночь | V4: день | W4: ночь | X4: день | Y4: ночь | Z4: день | AA4: ночь | AB4: день | AC4: ночь | AD4: день | AE4: ночь | AF4: день | AG4: ночь | AI4: Кол-во | AJ4: Общее | AK4: Кол-во | AL4: Общее | AM4: Кол-во | AN4: Общее
B5: Постель белая | C5: =COUNT(J5:AG9) | D5: =C5*57 | E5: =C5*55*3 | F5: =C5*55*8 | G5: =C5*55*6 | H5: =C5*55*4 | I5: =C5*55*1 | AH5: =SUM(J5:AG9) | AJ5: =AI5*5 | AL5: =AK5*50 | AN5: =AM5*175
B10: Махра белая | C10: =COUNT(J10:AG14) | D10: =C10*51 | E10: =C10*55*3 | F10: =C10*55*8 | G10: =C10*55*6 | H10: =C10*55*5 | I10: =C10*55*1 | AH10: =SUM(J10:AG14) | AJ10: =AI10*5 | AL10: =AK10*50 | AN10: =AM10*175
B15: Униформа белая | C15: =COUNT(J15:AG19) | D15: =C15*55 | E15: =C15*55*3 | F15: =C15*55*8 | G15: =C15*55*5 | H15: =C15*55*3 | I15: =C15*55*1 | AH15: =SUM(J15:AG19) | AJ15: =AI15*5 | AL15: =AK15*50 | AN15: =AM15*175
B20: Униформа темная | C20: =COUNT(J20:AG24) | D20: =C20*45 | E20: =C20*55*2 | F20: =C20*55*6 | G20: =C20*55*0 | H20: =C20*55*3 | I20: =C20*55*1 | AH20: =SUM(J20:AG24) | AJ20: =AI20*5 | AL20: =AK20*50 | AN20: =AM20*175
B25: Синтетика | C25: =COUNT(J25:AG29) | D25: =C25*38 | E25: =C25*55*3 | F25: =C25*55*5 | G25: =C25*55*0 | H25: =C25*55*3 | I25: =C25*55*1 | AH25: =SUM(J25:AG29) | AJ25: =AI25*5 | AL25: =AK25*50 | AN25: =AM25*175
B30: Деликатная | C30: =COUNT(J30:AG34) | D30: =C30*50 | E30: =C30*55*2 | F30: =C30*55*4 | G30: =C30*55*0 | H30: =C30*55*3 | I30: =C30*55*1 | AH30: =SUM(J30:AG34) | AJ30: =AI30*5 | AL30: =AK30*50 | AN30: =AM30*175
B35: Спецодежда | C35: =COUNT(J35:AG39) | D35: =C35*42 | E35: =C35*55*3 | F35: =C35*55*10 | G35: =C35*55*0 | H35: =C35*55*3 | I35: =C35*55*1 | AH35: =SUM(J35:AG39) | AJ35: =AI35*5 | AL35: =AK35*50 | AN35: =AM35*175
A40: ИТОГО | C40: =C5+C10+C15+C20+C25+C30+C35 | D40: =D5+D10+D15+D20+D25+D30+D35 | E40: =E5+E10+E15+E20+E25+E30+E35 | F40: =F5+F10+F15+F20+F25+F30+F35 | G40: =G5+G10+G15+G20+G25+G30+G35 | H40: =H5+H10+H15+H20+H25+H30+H35 | I40: =I5+I10+I15+I20+I25+I30+I35 | J40: =J5+J6+J7+J8+J9+J10+J11+J12+J13+J14+J15+J16+J17+J18+J19+J20+J21+J22+J23+J24+J25+J26+J27+J28+J29+J30+J31+J32+J33+J34+J35+J36+J37+J38+J39 | K40: =K5+K6+K7+K8+K9+K10+K11+K12+K13+K14+K15+K16+K17+K18+K19+K20+K21+K22+K23+K24+K25+K26+K27+K28+K29+K30+K31+K32+K33+K34+K35+K36+K37+K38+K39 | L40: =L5+L6+L7+L8+L9+L10+L11+L12+L13+L14+L15+L16+L17+L18+L19+L20+L21+L22+L23+L24+L25+L26+L27+L28+L29+L30+L31+L32+L33+L34+L35+L36+L37+L38+L39 | M40: =M5+M6+M7+M8+M9+M10+M11+M12+M13+M14+M15+M16+M17+M18+M19+M20+M21+M22+M23+M24+M25+M26+M27+M28+M29+M30+M31+M32+M33+M34+M35+M36+M37+M38+M39 | N40: =N5+N6+N7+N8+N9+N10+N11+N12+N13+N14+N15+N16+N17+N18+N19+N20+N21+N22+N23+N24+N25+N26+N27+N28+N29+N30+N31+N32+N33+N34+N35+N36+N37+N38+N39 | O40: =O5+O6+O7+O8+O9+O10+O11+O12+O13+O14+O15+O16+O17+O18+O19+O20+O21+O22+O23+O24+O25+O26+O27+O28+O29+O30+O31+O32+O33+O34+O35+O36+O37+O38+O39 | P40: =P5+P6+P7+P8+P9+P10+P11+P12+P13+P14+P15+P16+P17+P18+P19+P20+P21+P22+P23+P24+P25+P26+P27+P28+P29+P30+P31+P32+P33+P34+P35+P36+P37+P38+P39 | Q40: =Q5+Q6+Q7+Q8+Q9+Q10+Q11+Q12+Q13+Q14+Q15+Q16+Q17+Q18+Q19+Q20+Q21+Q22+Q23+Q24+Q25+Q26+Q27+Q28+Q29+Q30+Q31+Q32+Q33+Q34+Q35+Q36+Q37+Q38+Q39 | ... AG40: =AG5+AG6+AG7+AG8+AG9+AG10+AG11+AG12+AG13+AG14+AG15+AG16+AG17+AG18+AG19+AG20+AG21+AG22+AG23+AG24+AG25+AG26+AG27+AG28+AG29+AG30+AG31+AG32+AG33+AG34+AG35+AG36+AG37+AG38+AG39 | AH40: =AH5+AH10+AH15+AH20+AH25+AH30+AH35 | AI40: =AI5+AI10+AI15+AI20+AI25+AI30+AI35 | AJ40: =AJ5+AJ10+AJ15+AJ20+AJ25+AJ30+AJ35 | AK40: =AK5+AK10+AK15+AK20+AK25+AK30+AK35 | AL40: =AL5+AL10+AL15+AL20+AL25+AL30+AL35 | AM40: =AM5+AM10+AM15+AM20+AM25+AM30+AM35 | AN40: =AN5+AN10+AN15+AN20+AN25+AN30+AN35

Sheet 9
A1: Лист для ежедневной регистрации грязного белья и постельных принадлежностей (в кг)
A2: Дата | B2: Вид стирки | C2: Количество | D2: Общее время | E2: EMULSIFIER | F2: ALKALINE | G2: BLEACH | H2: SOFTENER | I2: NEUTRLIZER | J2: Вес | AH2: Всего Вес | AI2: Ваниш | AK2: Ленор | AM2: Порошок
J3: 1 | L3: 2 | N3: 3 | P3: 4 | R3: 5 | T3: 6 | V3: 7 | X3: 8 | Z3: 9 | AB3: 10 | AD3: 11 | AF3: 12
J4: день | K4: ночь | L4: день | M4: ночь | N4: день | O4: ночь | P4: день | Q4: ночь | R4: день | S4: ночь | T4: день | U4: ночь | V4: день | W4: ночь | X4: день | Y4: ночь | Z4: день | AA4: ночь | AB4: день | AC4: ночь | AD4: день | AE4: ночь | AF4: день | AG4: ночь | AI4: Кол-во | AJ4: Общее | AK4: Кол-во | AL4: Общее | AM4: Кол-во | AN4: Общее
B5: Постель белая | C5: =COUNT(J5:AG9) | D5: =C5*57 | E5: =C5*55*3 | F5: =C5*55*8 | G5: =C5*55*6 | H5: =C5*55*4 | I5: =C5*55*1 | AH5: =SUM(J5:AG9) | AJ5: =AI5*5 | AL5: =AK5*50 | AN5: =AM5*175
B10: Махра белая | C10: =COUNT(J10:AG14) | D10: =C10*51 | E10: =C10*55*3 | F10: =C10*55*8 | G10: =C10*55*6 | H10: =C10*55*5 | I10: =C10*55*1 | AH10: =SUM(J10:AG14) | AJ10: =AI10*5 | AL10: =AK10*50 | AN10: =AM10*175
B15: Униформа белая | C15: =COUNT(J15:AG19) | D15: =C15*55 | E15: =C15*55*3 | F15: =C15*55*8 | G15: =C15*55*5 | H15: =C15*55*3 | I15: =C15*55*1 | AH15: =SUM(J15:AG19) | AJ15: =AI15*5 | AL15: =AK15*50 | AN15: =AM15*175
B20: Униформа темная | C20: =COUNT(J20:AG24) | D20: =C20*45 | E20: =C20*55*2 | F20: =C20*55*6 | G20: =C20*55*0 | H20: =C20*55*3 | I20: =C20*55*1 | AH20: =SUM(J20:AG24) | AJ20: =AI20*5 | AL20: =AK20*50 | AN20: =AM20*175
B25: Синтетика | C25: =COUNT(J25:AG29) | D25: =C25*38 | E25: =C25*55*3 | F25: =C25*55*5 | G25: =C25*55*0 | H25: =C25*55*3 | I25: =C25*55*1 | AH25: =SUM(J25:AG29) | AJ25: =AI25*5 | AL25: =AK25*50 | AN25: =AM25*175
B30: Деликатная | C30: =COUNT(J30:AG34) | D30: =C30*50 | E30: =C30*55*2 | F30: =C30*55*4 | G30: =C30*55*0 | H30: =C30*55*3 | I30: =C30*55*1 | AH30: =SUM(J30:AG34) | AJ30: =AI30*5 | AL30: =AK30*50 | AN30: =AM30*175
B35: Спецодежда | C35: =COUNT(J35:AG39) | D35: =C35*42 | E35: =C35*55*3 | F35: =C35*55*10 | G35: =C35*55*0 | H35: =C35*55*3 | I35: =C35*55*1 | AH35: =SUM(J35:AG39) | AJ35: =AI35*5 | AL35: =AK35*50 | AN35: =AM35*175
A40: ИТОГО | C40: =C5+C10+C15+C20+C25+C30+C35 | D40: =D5+D10+D15+D20+D25+D30+D35 | E40: =E5+E10+E15+E20+E25+E30+E35 | F40: =F5+F10+F15+F20+F25+F30+F35 | G40: =G5+G10+G15+G20+G25+G30+G35 | H40: =H5+H10+H15+H20+H25+H30+H35 | I40: =I5+I10+I15+I20+I25+I30+I35 | J40: =J5+J6+J7+J8+J9+J10+J11+J12+J13+J14+J15+J16+J17+J18+J19+J20+J21+J22+J23+J24+J25+J26+J27+J28+J29+J30+J31+J32+J33+J34+J35+J36+J37+J38+J39 | K40: =K5+K6+K7+K8+K9+K10+K11+K12+K13+K14+K15+K16+K17+K18+K19+K20+K21+K22+K23+K24+K25+K26+K27+K28+K29+K30+K31+K32+K33+K34+K35+K36+K37+K38+K39 | L40: =L5+L6+L7+L8+L9+L10+L11+L12+L13+L14+L15+L16+L17+L18+L19+L20+L21+L22+L23+L24+L25+L26+L27+L28+L29+L30+L31+L32+L33+L34+L35+L36+L37+L38+L39 | M40: =M5+M6+M7+M8+M9+M10+M11+M12+M13+M14+M15+M16+M17+M18+M19+M20+M21+M22+M23+M24+M25+M26+M27+M28+M29+M30+M31+M32+M33+M34+M35+M36+M37+M38+M39 | N40: =N5+N6+N7+N8+N9+N10+N11+N12+N13+N14+N15+N16+N17+N18+N19+N20+N21+N22+N23+N24+N25+N26+N27+N28+N29+N30+N31+N32+N33+N34+N35+N36+N37+N38+N39 | O40: =O5+O6+O7+O8+O9+O10+O11+O12+O13+O14+O15+O16+O17+O18+O19+O20+O21+O22+O23+O24+O25+O26+O27+O28+O29+O30+O31+O32+O33+O34+O35+O36+O37+O38+O39 | P40: =P5+P6+P7+P8+P9+P10+P11+P12+P13+P14+P15+P16+P17+P18+P19+P20+P21+P22+P23+P24+P25+P26+P27+P28+P29+P30+P31+P32+P33+P34+P35+P36+P37+P38+P39 | Q40: =Q5+Q6+Q7+Q8+Q9+Q10+Q11+Q12+Q13+Q14+Q15+Q16+Q17+Q18+Q19+Q20+Q21+Q22+Q23+Q24+Q25+Q26+Q27+Q28+Q29+Q30+Q31+Q32+Q33+Q34+Q35+Q36+Q37+Q38+Q39 | ... AG40: =AG5+AG6+AG7+AG8+AG9+AG10+AG11+AG12+AG13+AG14+AG15+AG16+AG17+AG18+AG19+AG20+AG21+AG22+AG23+AG24+AG25+AG26+AG27+AG28+AG29+AG30+AG31+AG32+AG33+AG34+AG35+AG36+AG37+AG38+AG39 | AH40: =AH5+AH10+AH15+AH20+AH25+AH30+AH35 | AI40: =AI5+AI10+AI15+AI20+AI25+AI30+AI35 | AJ40: =AJ5+AJ10+AJ15+AJ20+AJ25+AJ30+AJ35 | AK40: =AK5+AK10+AK15+AK20+AK25+AK30+AK35 | AL40: =AL5+AL10+AL15+AL20+AL25+AL30+AL35 | AM40: =AM5+AM10+AM15+AM20+AM25+AM30+AM35 | AN40: =AN5+AN10+AN15+AN20+AN25+AN30+AN35

Sheet 10
A1: Лист для ежедневной регистрации грязного белья и постельных принадлежностей (в кг)
A2: Дата | B2: Вид стирки | C2: Количество | D2: Общее время | E2: EMULSIFIER | F2: ALKALINE | G2: BLEACH | H2: SOFTENER | I2: NEUTRLIZER | J2: Вес | AH2: Всего Вес | AI2: Ваниш | AK2: Ленор | AM2: Порошок
J3: 1 | L3: 2 | N3: 3 | P3: 4 | R3: 5 | T3: 6 | V3: 7 | X3: 8 | Z3: 9 | AB3: 10 | AD3: 11 | AF3: 12
J4: день | K4: ночь | L4: день | M4: ночь | N4: день | O4: ночь | P4: день | Q4: ночь | R4: день | S4: ночь | T4: день | U4: ночь | V4: день | W4: ночь | X4: день | Y4: ночь | Z4: день | AA4: ночь | AB4: день | AC4: ночь | AD4: день | AE4: ночь | AF4: день | AG4: ночь | AI4: Кол-во | AJ4: Общее | AK4: Кол-во | AL4: Общее | AM4: Кол-во | AN4: Общее
B5: Постель белая | C5: =COUNT(J5:AG9) | D5: =C5*57 | E5: =C5*55*3 | F5: =C5*55*8 | G5: =C5*55*6 | H5: =C5*55*4 | I5: =C5*55*1 | AH5: =SUM(J5:AG9) | AJ5: =AI5*5 | AL5: =AK5*50 | AN5: =AM5*175
B10: Махра белая | C10: =COUNT(J10:AG14) | D10: =C10*51 | E10: =C10*55*3 | F10: =C10*55*8 | G10: =C10*55*6 | H10: =C10*55*5 | I10: =C10*55*1 | AH10: =SUM(J10:AG14) | AJ10: =AI10*5 | AL10: =AK10*50 | AN10: =AM10*175
B15: Униформа белая | C15: =COUNT(J15:AG19) | D15: =C15*55 | E15: =C15*55*3 | F15: =C15*55*8 | G15: =C15*55*5 | H15: =C15*55*3 | I15: =C15*55*1 | AH15: =SUM(J15:AG19) | AJ15: =AI15*5 | AL15: =AK15*50 | AN15: =AM15*175
B20: Униформа темная | C20: =COUNT(J20:AG24) | D20: =C20*45 | E20: =C20*55*2 | F20: =C20*55*6 | G20: =C20*55*0 | H20: =C20*55*3 | I20: =C20*55*1 | AH20: =SUM(J20:AG24) | AJ20: =AI20*5 | AL20: =AK20*50 | AN20: =AM20*175
B25: Синтетика | C25: =COUNT(J25:AG29) | D25: =C25*38 | E25: =C25*55*3 | F25: =C25*55*5 | G25: =C25*55*0 | H25: =C25*55*3 | I25: =C25*55*1 | AH25: =SUM(J25:AG29) | AJ25: =AI25*5 | AL25: =AK25*50 | AN25: =AM25*175
B30: Деликатная | C30: =COUNT(J30:AG34) | D30: =C30*50 | E30: =C30*55*2 | F30: =C30*55*4 | G30: =C30*55*0 | H30: =C30*55*3 | I30: =C30*55*1 | AH30: =SUM(J30:AG34) | AJ30: =AI30*5 | AL30: =AK30*50 | AN30: =AM30*175
B35: Спецодежда | C35: =COUNT(J35:AG39) | D35: =C35*42 | E35: =C35*55*3 | F35: =C35*55*10 | G35: =C35*55*0 | H35: =C35*55*3 | I35: =C35*55*1 | AH35: =SUM(J35:AG39) | AJ35: =AI35*5 | AL35: =AK35*50 | AN35: =AM35*175
A40: ИТОГО | C40: =C5+C10+C15+C20+C25+C30+C35 | D40: =D5+D10+D15+D20+D25+D30+D35 | E40: =E5+E10+E15+E20+E25+E30+E35 | F40: =F5+F10+F15+F20+F25+F30+F35 | G40: =G5+G10+G15+G20+G25+G30+G35 | H40: =H5+H10+H15+H20+H25+H30+H35 | I40: =I5+I10+I15+I20+I25+I30+I35 | J40: =J5+J6+J7+J8+J9+J10+J11+J12+J13+J14+J15+J16+J17+J18+J19+J20+J21+J22+J23+J24+J25+J26+J27+J28+J29+J30+J31+J32+J33+J34+J35+J36+J37+J38+J39 | K40: =K5+K6+K7+K8+K9+K10+K11+K12+K13+K14+K15+K16+K17+K18+K19+K20+K21+K22+K23+K24+K25+K26+K27+K28+K29+K30+K31+K32+K33+K34+K35+K36+K37+K38+K39 | L40: =L5+L6+L7+L8+L9+L10+L11+L12+L13+L14+L15+L16+L17+L18+L19+L20+L21+L22+L23+L24+L25+L26+L27+L28+L29+L30+L31+L32+L33+L34+L35+L36+L37+L38+L39 | M40: =M5+M6+M7+M8+M9+M10+M11+M12+M13+M14+M15+M16+M17+M18+M19+M20+M21+M22+M23+M24+M25+M26+M27+M28+M29+M30+M31+M32+M33+M34+M35+M36+M37+M38+M39 | N40: =N5+N6+N7+N8+N9+N10+N11+N12+N13+N14+N15+N16+N17+N18+N19+N20+N21+N22+N23+N24+N25+N26+N27+N28+N29+N30+N31+N32+N33+N34+N35+N36+N37+N38+N39 | O40: =O5+O6+O7+O8+O9+O10+O11+O12+O13+O14+O15+O16+O17+O18+O19+O20+O21+O22+O23+O24+O25+O26+O27+O28+O29+O30+O31+O32+O33+O34+O35+O36+O37+O38+O39 | P40: =P5+P6+P7+P8+P9+P10+P11+P12+P13+P14+P15+P16+P17+P18+P19+P20+P21+P22+P23+P24+P25+P26+P27+P28+P29+P30+P31+P32+P33+P34+P35+P36+P37+P38+P39 | Q40: =Q5+Q6+Q7+Q8+Q9+Q10+Q11+Q12+Q13+Q14+Q15+Q16+Q17+Q18+Q19+Q20+Q21+Q22+Q23+Q24+Q25+Q26+Q27+Q28+Q29+Q30+Q31+Q32+Q33+Q34+Q35+Q36+Q37+Q38+Q39 | ... AG40: =AG5+AG6+AG7+AG8+AG9+AG10+AG11+AG12+AG13+AG14+AG15+AG16+AG17+AG18+AG19+AG20+AG21+AG22+AG23+AG24+AG25+AG26+AG27+AG28+AG29+AG30+AG31+AG32+AG33+AG34+AG35+AG36+AG37+AG38+AG39 | AH40: =AH5+AH10+AH15+AH20+AH25+AH30+AH35 | AI40: =AI5+AI10+AI15+AI20+AI25+AI30+AI35 | AJ40: =AJ5+AJ10+AJ15+AJ20+AJ25+AJ30+AJ35 | AK40: =AK5+AK10+AK15+AK20+AK25+AK30+AK35 | AL40: =AL5+AL10+AL15+AL20+AL25+AL30+AL35 | AM40: =AM5+AM10+AM15+AM20+AM25+AM30+AM35 | AN40: =AN5+AN10+AN15+AN20+AN25+AN30+AN35

Sheet 11
A1: Лист для ежедневной регистрации грязного белья и постельных принадлежностей (в кг)
A2: Дата | B2: Вид стирки | C2: Количество | D2: Общее время | E2: EMULSIFIER | F2: ALKALINE | G2: BLEACH | H2: SOFTENER | I2: NEUTRLIZER | J2: Вес | AH2: Всего Вес | AI2: Ваниш | AK2: Ленор | AM2: Порошок
J3: 1 | L3: 2 | N3: 3 | P3: 4 | R3: 5 | T3: 6 | V3: 7 | X3: 8 | Z3: 9 | AB3: 10 | AD3: 11 | AF3: 12
J4: день | K4: ночь | L4: день | M4: ночь | N4: день | O4: ночь | P4: день | Q4: ночь | R4: день | S4: ночь | T4: день | U4: ночь | V4: день | W4: ночь | X4: день | Y4: ночь | Z4: день | AA4: ночь | AB4: день | AC4: ночь | AD4: день | AE4: ночь | AF4: день | AG4: ночь | AI4: Кол-во | AJ4: Общее | AK4: Кол-во | AL4: Общее | AM4: Кол-во | AN4: Общее
B5: Постель белая | C5: =COUNT(J5:AG9) | D5: =C5*57 | E5: =C5*55*3 | F5: =C5*55*8 | G5: =C5*55*6 | H5: =C5*55*4 | I5: =C5*55*1 | AH5: =SUM(J5:AG9) | AJ5: =AI5*5 | AL5: =AK5*50 | AN5: =AM5*175
B10: Махра белая | C10: =COUNT(J10:AG14) | D10: =C10*51 | E10: =C10*55*3 | F10: =C10*55*8 | G10: =C10*55*6 | H10: =C10*55*5 | I10: =C10*55*1 | AH10: =SUM(J10:AG14) | AJ10: =AI10*5 | AL10: =AK10*50 | AN10: =AM10*175
B15: Униформа белая | C15: =COUNT(J15:AG19) | D15: =C15*55 | E15: =C15*55*3 | F15: =C15*55*8 | G15: =C15*55*5 | H15: =C15*55*3 | I15: =C15*55*1 | AH15: =SUM(J15:AG19) | AJ15: =AI15*5 | AL15: =AK15*50 | AN15: =AM15*175
B20: Униформа темная | C20: =COUNT(J20:AG24) | D20: =C20*45 | E20: =C20*55*2 | F20: =C20*55*6 | G20: =C20*55*0 | H20: =C20*55*3 | I20: =C20*55*1 | AH20: =SUM(J20:AG24) | AJ20: =AI20*5 | AL20: =AK20*50 | AN20: =AM20*175
B25: Синтетика | C25: =COUNT(J25:AG29) | D25: =C25*38 | E25: =C25*55*3 | F25: =C25*55*5 | G25: =C25*55*0 | H25: =C25*55*3 | I25: =C25*55*1 | AH25: =SUM(J25:AG29) | AJ25: =AI25*5 | AL25: =AK25*50 | AN25: =AM25*175
B30: Деликатная | C30: =COUNT(J30:AG34) | D30: =C30*50 | E30: =C30*55*2 | F30: =C30*55*4 | G30: =C30*55*0 | H30: =C30*55*3 | I30: =C30*55*1 | AH30: =SUM(J30:AG34) | AJ30: =AI30*5 | AL30: =AK30*50 | AN30: =AM30*175
B35: Спецодежда | C35: =COUNT(J35:AG39) | D35: =C35*42 | E35: =C35*55*3 | F35: =C35*55*10 | G35: =C35*55*0 | H35: =C35*55*3 | I35: =C35*55*1 | AH35: =SUM(J35:AG39) | AJ35: =AI35*5 | AL35: =AK35*50 | AN35: =AM35*175
A40: ИТОГО | C40: =C5+C10+C15+C20+C25+C30+C35 | D40: =D5+D10+D15+D20+D25+D30+D35 | E40: =E5+E10+E15+E20+E25+E30+E35 | F40: =F5+F10+F15+F20+F25+F30+F35 | G40: =G5+G10+G15+G20+G25+G30+G35 | H40: =H5+H10+H15+H20+H25+H30+H35 | I40: =I5+I10+I15+I20+I25+I30+I35 | J40: =J5+J6+J7+J8+J9+J10+J11+J12+J13+J14+J15+J16+J17+J18+J19+J20+J21+J22+J23+J24+J25+J26+J27+J28+J29+J30+J31+J32+J33+J34+J35+J36+J37+J38+J39 | K40: =K5+K6+K7+K8+K9+K10+K11+K12+K13+K14+K15+K16+K17+K18+K19+K20+K21+K22+K23+K24+K25+K26+K27+K28+K29+K30+K31+K32+K33+K34+K35+K36+K37+K38+K39 | L40: =L5+L6+L7+L8+L9+L10+L11+L12+L13+L14+L15+L16+L17+L18+L19+L20+L21+L22+L23+L24+L25+L26+L27+L28+L29+L30+L31+L32+L33+L34+L35+L36+L37+L38+L39 | M40: =M5+M6+M7+M8+M9+M10+M11+M12+M13+M14+M15+M16+M17+M18+M19+M20+M21+M22+M23+M24+M25+M26+M27+M28+M29+M30+M31+M32+M33+M34+M35+M36+M37+M38+M39 | N40: =N5+N6+N7+N8+N9+N10+N11+N12+N13+N14+N15+N16+N17+N18+N19+N20+N21+N22+N23+N24+N25+N26+N27+N28+N29+N30+N31+N32+N33+N34+N35+N36+N37+N38+N39 | O40: =O5+O6+O7+O8+O9+O10+O11+O12+O13+O14+O15+O16+O17+O18+O19+O20+O21+O22+O23+O24+O25+O26+O27+O28+O29+O30+O31+O32+O33+O34+O35+O36+O37+O38+O39 | P40: =P5+P6+P7+P8+P9+P10+P11+P12+P13+P14+P15+P16+P17+P18+P19+P20+P21+P22+P23+P24+P25+P26+P27+P28+P29+P30+P31+P32+P33+P34+P35+P36+P37+P38+P39 | Q40: =Q5+Q6+Q7+Q8+Q9+Q10+Q11+Q12+Q13+Q14+Q15+Q16+Q17+Q18+Q19+Q20+Q21+Q22+Q23+Q24+Q25+Q26+Q27+Q28+Q29+Q30+Q31+Q32+Q33+Q34+Q35+Q36+Q37+Q38+Q39 | ... AG40: =AG5+AG6+AG7+AG8+AG9+AG10+AG11+AG12+AG13+AG14+AG15+AG16+AG17+AG18+AG19+AG20+AG21+AG22+AG23+AG24+AG25+AG26+AG27+AG28+AG29+AG30+AG31+AG32+AG33+AG34+AG35+AG36+AG37+AG38+AG39 | AH40: =AH5+AH10+AH15+AH20+AH25+AH30+AH35 | AI40: =AI5+AI10+AI15+AI20+AI25+AI30+AI35 | AJ40: =AJ5+AJ10+AJ15+AJ20+AJ25+AJ30+AJ35 | AK40: =AK5+AK10+AK15+AK20+AK25+AK30+AK35 | AL40: =AL5+AL10+AL15+AL20+AL25+AL30+AL35 | AM40: =AM5+AM10+AM15+AM20+AM25+AM30+AM35 | AN40: =AN5+AN10+AN15+AN20+AN25+AN30+AN35

Sheet 12
A1: Лист для ежедневной регистрации грязного белья и постельных принадлежностей (в кг)
A2: Дата | B2: Вид стирки | C2: Количество | D2: Общее время | E2: EMULSIFIER | F2: ALKALINE | G2: BLEACH | H2: SOFTENER | I2: NEUTRLIZER | J2: Вес | AH2: Всего Вес | AI2: Ваниш | AK2: Ленор | AM2: Порошок
J3: 1 | L3: 2 | N3: 3 | P3: 4 | R3: 5 | T3: 6 | V3: 7 | X3: 8 | Z3: 9 | AB3: 10 | AD3: 11 | AF3: 12
J4: день | K4: ночь | L4: день | M4: ночь | N4: день | O4: ночь | P4: день | Q4: ночь | R4: день | S4: ночь | T4: день | U4: ночь | V4: день | W4: ночь | X4: день | Y4: ночь | Z4: день | AA4: ночь | AB4: день | AC4: ночь | AD4: день | AE4: ночь | AF4: день | AG4: ночь | AI4: Кол-во | AJ4: Общее | AK4: Кол-во | AL4: Общее | AM4: Кол-во | AN4: Общее
B5: Постель белая | C5: =COUNT(J5:AG9) | D5: =C5*57 | E5: =C5*55*3 | F5: =C5*55*8 | G5: =C5*55*6 | H5: =C5*55*4 | I5: =C5*55*1 | AH5: =SUM(J5:AG9) | AJ5: =AI5*5 | AL5: =AK5*50 | AN5: =AM5*175
B10: Махра белая | C10: =COUNT(J10:AG14) | D10: =C10*51 | E10: =C10*55*3 | F10: =C10*55*8 | G10: =C10*55*6 | H10: =C10*55*5 | I10: =C10*55*1 | AH10: =SUM(J10:AG14) | AJ10: =AI10*5 | AL10: =AK10*50 | AN10: =AM10*175
B15: Униформа белая | C15: =COUNT(J15:AG19) | D15: =C15*55 | E15: =C15*55*3 | F15: =C15*55*8 | G15: =C15*55*5 | H15: =C15*55*3 | I15: =C15*55*1 | AH15: =SUM(J15:AG19) | AJ15: =AI15*5 | AL15: =AK15*50 | AN15: =AM15*175
B20: Униформа темная | C20: =COUNT(J20:AG24) | D20: =C20*45 | E20: =C20*55*2 | F20: =C20*55*6 | G20: =C20*55*0 | H20: =C20*55*3 | I20: =C20*55*1 | AH20: =SUM(J20:AG24) | AJ20: =AI20*5 | AL20: =AK20*50 | AN20: =AM20*175
B25: Синтетика | C25: =COUNT(J25:AG29) | D25: =C25*38 | E25: =C25*55*3 | F25: =C25*55*5 | G25: =C25*55*0 | H25: =C25*55*3 | I25: =C25*55*1 | AH25: =SUM(J25:AG29) | AJ25: =AI25*5 | AL25: =AK25*50 | AN25: =AM25*175
B30: Деликатная | C30: =COUNT(J30:AG34) | D30: =C30*50 | E30: =C30*55*2 | F30: =C30*55*4 | G30: =C30*55*0 | H30: =C30*55*3 | I30: =C30*55*1 | AH30: =SUM(J30:AG34) | AJ30: =AI30*5 | AL30: =AK30*50 | AN30: =AM30*175
B35: Спецодежда | C35: =COUNT(J35:AG39) | D35: =C35*42 | E35: =C35*55*3 | F35: =C35*55*10 | G35: =C35*55*0 | H35: =C35*55*3 | I35: =C35*55*1 | AH35: =SUM(J35:AG39) | AJ35: =AI35*5 | AL35: =AK35*50 | AN35: =AM35*175
A40: ИТОГО | C40: =C5+C10+C15+C20+C25+C30+C35 | D40: =D5+D10+D15+D20+D25+D30+D35 | E40: =E5+E10+E15+E20+E25+E30+E35 | F40: =F5+F10+F15+F20+F25+F30+F35 | G40: =G5+G10+G15+G20+G25+G30+G35 | H40: =H5+H10+H15+H20+H25+H30+H35 | I40: =I5+I10+I15+I20+I25+I30+I35 | J40: =J5+J6+J7+J8+J9+J10+J11+J12+J13+J14+J15+J16+J17+J18+J19+J20+J21+J22+J23+J24+J25+J26+J27+J28+J29+J30+J31+J32+J33+J34+J35+J36+J37+J38+J39 | K40: =K5+K6+K7+K8+K9+K10+K11+K12+K13+K14+K15+K16+K17+K18+K19+K20+K21+K22+K23+K24+K25+K26+K27+K28+K29+K30+K31+K32+K33+K34+K35+K36+K37+K38+K39 | L40: =L5+L6+L7+L8+L9+L10+L11+L12+L13+L14+L15+L16+L17+L18+L19+L20+L21+L22+L23+L24+L25+L26+L27+L28+L29+L30+L31+L32+L33+L34+L35+L36+L37+L38+L39 | M40: =M5+M6+M7+M8+M9+M10+M11+M12+M13+M14+M15+M16+M17+M18+M19+M20+M21+M22+M23+M24+M25+M26+M27+M28+M29+M30+M31+M32+M33+M34+M35+M36+M37+M38+M39 | N40: =N5+N6+N7+N8+N9+N10+N11+N12+N13+N14+N15+N16+N17+N18+N19+N20+N21+N22+N23+N24+N25+N26+N27+N28+N29+N30+N31+N32+N33+N34+N35+N36+N37+N38+N39 | O40: =O5+O6+O7+O8+O9+O10+O11+O12+O13+O14+O15+O16+O17+O18+O19+O20+O21+O22+O23+O24+O25+O26+O27+O28+O29+O30+O31+O32+O33+O34+O35+O36+O37+O38+O39 | P40: =P5+P6+P7+P8+P9+P10+P11+P12+P13+P14+P15+P16+P17+P18+P19+P20+P21+P22+P23+P24+P25+P26+P27+P28+P29+P30+P31+P32+P33+P34+P35+P36+P37+P38+P39 | Q40: =Q5+Q6+Q7+Q8+Q9+Q10+Q11+Q12+Q13+Q14+Q15+Q16+Q17+Q18+Q19+Q20+Q21+Q22+Q23+Q24+Q25+Q26+Q27+Q28+Q29+Q30+Q31+Q32+Q33+Q34+Q35+Q36+Q37+Q38+Q39 | ... AG40: =AG5+AG6+AG7+AG8+AG9+AG10+AG11+AG12+AG13+AG14+AG15+AG16+AG17+AG18+AG19+AG20+AG21+AG22+AG23+AG24+AG25+AG26+AG27+AG28+AG29+AG30+AG31+AG32+AG33+AG34+AG35+AG36+AG37+AG38+AG39 | AH40: =AH5+AH10+AH15+AH20+AH25+AH30+AH35 | AI40: =AI5+AI10+AI15+AI20+AI25+AI30+AI35 | AJ40: =AJ5+AJ10+AJ15+AJ20+AJ25+AJ30+AJ35 | AK40: =AK5+AK10+AK15+AK20+AK25+AK30+AK35 | AL40: =AL5+AL10+AL15+AL20+AL25+AL30+AL35 | AM40: =AM5+AM10+AM15+AM20+AM25+AM30+AM35 | AN40: =AN5+AN10+AN15+AN20+AN25+AN30+AN35

Sheet 13
A1: Лист для ежедневной регистрации грязного белья и постельных принадлежностей (в кг)
A2: Дата | B2: Вид стирки | C2: Количество | D2: Общее время | E2: EMULSIFIER | F2: ALKALINE | G2: BLEACH | H2: SOFTENER | I2: NEUTRLIZER | J2: Вес | AH2: Всего Вес | AI2: Ваниш | AK2: Ленор | AM2: Порошок
J3: 1 | L3: 2 | N3: 3 | P3: 4 | R3: 5 | T3: 6 | V3: 7 | X3: 8 | Z3: 9 | AB3: 10 | AD3: 11 | AF3: 12
J4: день | K4: ночь | L4: день | M4: ночь | N4: день | O4: ночь | P4: день | Q4: ночь | R4: день | S4: ночь | T4: день | U4: ночь | V4: день | W4: ночь | X4: день | Y4: ночь | Z4: день | AA4: ночь | AB4: день | AC4: ночь | AD4: день | AE4: ночь | AF4: день | AG4: ночь | AI4: Кол-во | AJ4: Общее | AK4: Кол-во | AL4: Общее | AM4: Кол-во | AN4: Общее
B5: Постель белая | C5: =COUNT(J5:AG9) | D5: =C5*57 | E5: =C5*55*3 | F5: =C5*55*8 | G5: =C5*55*6 | H5: =C5*55*4 | I5: =C5*55*1 | AH5: =SUM(J5:AG9) | AJ5: =AI5*5 | AL5: =AK5*50 | AN5: =AM5*175
B10: Махра белая | C10: =COUNT(J10:AG14) | D10: =C10*51 | E10: =C10*55*3 | F10: =C10*55*8 | G10: =C10*55*6 | H10: =C10*55*5 | I10: =C10*55*1 | AH10: =SUM(J10:AG14) | AJ10: =AI10*5 | AL10: =AK10*50 | AN10: =AM10*175
B15: Униформа белая | C15: =COUNT(J15:AG19) | D15: =C15*55 | E15: =C15*55*3 | F15: =C15*55*8 | G15: =C15*55*5 | H15: =C15*55*3 | I15: =C15*55*1 | AH15: =SUM(J15:AG19) | AJ15: =AI15*5 | AL15: =AK15*50 | AN15: =AM15*175
B20: Униформа темная | C20: =COUNT(J20:AG24) | D20: =C20*45 | E20: =C20*55*2 | F20: =C20*55*6 | G20: =C20*55*0 | H20: =C20*55*3 | I20: =C20*55*1 | AH20: =SUM(J20:AG24) | AJ20: =AI20*5 | AL20: =AK20*50 | AN20: =AM20*175
B25: Синтетика | C25: =COUNT(J25:AG29) | D25: =C25*38 | E25: =C25*55*3 | F25: =C25*55*5 | G25: =C25*55*0 | H25: =C25*55*3 | I25: =C25*55*1 | AH25: =SUM(J25:AG29) | AJ25: =AI25*5 | AL25: =AK25*50 | AN25: =AM25*175
B30: Деликатная | C30: =COUNT(J30:AG34) | D30: =C30*50 | E30: =C30*55*2 | F30: =C30*55*4 | G30: =C30*55*0 | H30: =C30*55*3 | I30: =C30*55*1 | AH30: =SUM(J30:AG34) | AJ30: =AI30*5 | AL30: =AK30*50 | AN30: =AM30*175
B35: Спецодежда | C35: =COUNT(J35:AG39) | D35: =C35*42 | E35: =C35*55*3 | F35: =C35*55*10 | G35: =C35*55*0 | H35: =C35*55*3 | I35: =C35*55*1 | AH35: =SUM(J35:AG39) | AJ35: =AI35*5 | AL35: =AK35*50 | AN35: =AM35*175
A40: ИТОГО | C40: =C5+C10+C15+C20+C25+C30+C35 | D40: =D5+D10+D15+D20+D25+D30+D35 | E40: =E5+E10+E15+E20+E25+E30+E35 | F40: =F5+F10+F15+F20+F25+F30+F35 | G40: =G5+G10+G15+G20+G25+G30+G35 | H40: =H5+H10+H15+H20+H25+H30+H35 | I40: =I5+I10+I15+I20+I25+I30+I35 | J40: =J5+J6+J7+J8+J9+J10+J11+J12+J13+J14+J15+J16+J17+J18+J19+J20+J21+J22+J23+J24+J25+J26+J27+J28+J29+J30+J31+J32+J33+J34+J35+J36+J37+J38+J39 | K40: =K5+K6+K7+K8+K9+K10+K11+K12+K13+K14+K15+K16+K17+K18+K19+K20+K21+K22+K23+K24+K25+K26+K27+K28+K29+K30+K31+K32+K33+K34+K35+K36+K37+K38+K39 | L40: =L5+L6+L7+L8+L9+L10+L11+L12+L13+L14+L15+L16+L17+L18+L19+L20+L21+L22+L23+L24+L25+L26+L27+L28+L29+L30+L31+L32+L33+L34+L35+L36+L37+L38+L39 | M40: =M5+M6+M7+M8+M9+M10+M11+M12+M13+M14+M15+M16+M17+M18+M19+M20+M21+M22+M23+M24+M25+M26+M27+M28+M29+M30+M31+M32+M33+M34+M35+M36+M37+M38+M39 | N40: =N5+N6+N7+N8+N9+N10+N11+N12+N13+N14+N15+N16+N17+N18+N19+N20+N21+N22+N23+N24+N25+N26+N27+N28+N29+N30+N31+N32+N33+N34+N35+N36+N37+N38+N39 | O40: =O5+O6+O7+O8+O9+O10+O11+O12+O13+O14+O15+O16+O17+O18+O19+O20+O21+O22+O23+O24+O25+O26+O27+O28+O29+O30+O31+O32+O33+O34+O35+O36+O37+O38+O39 | P40: =P5+P6+P7+P8+P9+P10+P11+P12+P13+P14+P15+P16+P17+P18+P19+P20+P21+P22+P23+P24+P25+P26+P27+P28+P29+P30+P31+P32+P33+P34+P35+P36+P37+P38+P39 | Q40: =Q5+Q6+Q7+Q8+Q9+Q10+Q11+Q12+Q13+Q14+Q15+Q16+Q17+Q18+Q19+Q20+Q21+Q22+Q23+Q24+Q25+Q26+Q27+Q28+Q29+Q30+Q31+Q32+Q33+Q34+Q35+Q36+Q37+Q38+Q39 | ... AG40: =AG5+AG6+AG7+AG8+AG9+AG10+AG11+AG12+AG13+AG14+AG15+AG16+AG17+AG18+AG19+AG20+AG21+AG22+AG23+AG24+AG25+AG26+AG27+AG28+AG29+AG30+AG31+AG32+AG33+AG34+AG35+AG36+AG37+AG38+AG39 | AH40: =AH5+AH10+AH15+AH20+AH25+AH30+AH35 | AI40: =AI5+AI10+AI15+AI20+AI25+AI30+AI35 | AJ40: =AJ5+AJ10+AJ15+AJ20+AJ25+AJ30+AJ35 | AK40: =AK5+AK10+AK15+AK20+AK25+AK30+AK35 | AL40: =AL5+AL10+AL15+AL20+AL25+AL30+AL35 | AM40: =AM5+AM10+AM15+AM20+AM25+AM30+AM35 | AN40: =AN5+AN10+AN15+AN20+AN25+AN30+AN35

Sheet 14
A1: Лист для ежедневной регистрации грязного белья и постельных принадлежностей (в кг)
A2: Дата | B2: Вид стирки | C2: Количество | D2: Общее время | E2: EMULSIFIER | F2: ALKALINE | G2: BLEACH | H2: SOFTENER | I2: NEUTRLIZER | J2: Вес | AH2: Всего Вес | AI2: Ваниш | AK2: Ленор | AM2: Порошок
J3: 1 | L3: 2 | N3: 3 | P3: 4 | R3: 5 | T3: 6 | V3: 7 | X3: 8 | Z3: 9 | AB3: 10 | AD3: 11 | AF3: 12
J4: день | K4: ночь | L4: день | M4: ночь | N4: день | O4: ночь | P4: день | Q4: ночь | R4: день | S4: ночь | T4: день | U4: ночь | V4: день | W4: ночь | X4: день | Y4: ночь | Z4: день | AA4: ночь | AB4: день | AC4: ночь | AD4: день | AE4: ночь | AF4: день | AG4: ночь | AI4: Кол-во | AJ4: Общее | AK4: Кол-во | AL4: Общее | AM4: Кол-во | AN4: Общее
B5: Постель белая | C5: =COUNT(J5:AG9) | D5: =C5*57 | E5: =C5*55*3 | F5: =C5*55*8 | G5: =C5*55*6 | H5: =C5*55*4 | I5: =C5*55*1 | AH5: =SUM(J5:AG9) | AJ5: =AI5*5 | AL5: =AK5*50 | AN5: =AM5*175
B10: Махра белая | C10: =COUNT(J10:AG14) | D10: =C10*51 | E10: =C10*55*3 | F10: =C10*55*8 | G10: =C10*55*6 | H10: =C10*55*5 | I10: =C10*55*1 | AH10: =SUM(J10:AG14) | AJ10: =AI10*5 | AL10: =AK10*50 | AN10: =AM10*175
B15: Униформа белая | C15: =COUNT(J15:AG19) | D15: =C15*55 | E15: =C15*55*3 | F15: =C15*55*8 | G15: =C15*55*5 | H15: =C15*55*3 | I15: =C15*55*1 | AH15: =SUM(J15:AG19) | AJ15: =AI15*5 | AL15: =AK15*50 | AN15: =AM15*175
B20: Униформа темная | C20: =COUNT(J20:AG24) | D20: =C20*45 | E20: =C20*55*2 | F20: =C20*55*6 | G20: =C20*55*0 | H20: =C20*55*3 | I20: =C20*55*1 | AH20: =SUM(J20:AG24) | AJ20: =AI20*5 | AL20: =AK20*50 | AN20: =AM20*175
B25: Синтетика | C25: =COUNT(J25:AG29) | D25: =C25*38 | E25: =C25*55*3 | F25: =C25*55*5 | G25: =C25*55*0 | H25: =C25*55*3 | I25: =C25*55*1 | AH25: =SUM(J25:AG29) | AJ25: =AI25*5 | AL25: =AK25*50 | AN25: =AM25*175
B30: Деликатная | C30: =COUNT(J30:AG34) | D30: =C30*50 | E30: =C30*55*2 | F30: =C30*55*4 | G30: =C30*55*0 | H30: =C30*55*3 | I30: =C30*55*1 | AH30: =SUM(J30:AG34) | AJ30: =AI30*5 | AL30: =AK30*50 | AN30: =AM30*175
B35: Спецодежда | C35: =COUNT(J35:AG39) | D35: =C35*42 | E35: =C35*55*3 | F35: =C35*55*10 | G35: =C35*55*0 | H35: =C35*55*3 | I35: =C35*55*1 | AH35: =SUM(J35:AG39) | AJ35: =AI35*5 | AL35: =AK35*50 | AN35: =AM35*175
A40: ИТОГО | C40: =C5+C10+C15+C20+C25+C30+C35 | D40: =D5+D10+D15+D20+D25+D30+D35 | E40: =E5+E10+E15+E20+E25+E30+E35 | F40: =F5+F10+F15+F20+F25+F30+F35 | G40: =G5+G10+G15+G20+G25+G30+G35 | H40: =H5+H10+H15+H20+H25+H30+H35 | I40: =I5+I10+I15+I20+I25+I30+I35 | J40: =J5+J6+J7+J8+J9+J10+J11+J12+J13+J14+J15+J16+J17+J18+J19+J20+J21+J22+J23+J24+J25+J26+J27+J28+J29+J30+J31+J32+J33+J34+J35+J36+J37+J38+J39 | K40: =K5+K6+K7+K8+K9+K10+K11+K12+K13+K14+K15+K16+K17+K18+K19+K20+K21+K22+K23+K24+K25+K26+K27+K28+K29+K30+K31+K32+K33+K34+K35+K36+K37+K38+K39 | L40: =L5+L6+L7+L8+L9+L10+L11+L12+L13+L14+L15+L16+L17+L18+L19+L20+L21+L22+L23+L24+L25+L26+L27+L28+L29+L30+L31+L32+L33+L34+L35+L36+L37+L38+L39 | M40: =M5+M6+M7+M8+M9+M10+M11+M12+M13+M14+M15+M16+M17+M18+M19+M20+M21+M22+M23+M24+M25+M26+M27+M28+M29+M30+M31+M32+M33+M34+M35+M36+M37+M38+M39 | N40: =N5+N6+N7+N8+N9+N10+N11+N12+N13+N14+N15+N16+N17+N18+N19+N20+N21+N22+N23+N24+N25+N26+N27+N28+N29+N30+N31+N32+N33+N34+N35+N36+N37+N38+N39 | O40: =O5+O6+O7+O8+O9+O10+O11+O12+O13+O14+O15+O16+O17+O18+O19+O20+O21+O22+O23+O24+O25+O26+O27+O28+O29+O30+O31+O32+O33+O34+O35+O36+O37+O38+O39 | P40: =P5+P6+P7+P8+P9+P10+P11+P12+P13+P14+P15+P16+P17+P18+P19+P20+P21+P22+P23+P24+P25+P26+P27+P28+P29+P30+P31+P32+P33+P34+P35+P36+P37+P38+P39 | Q40: =Q5+Q6+Q7+Q8+Q9+Q10+Q11+Q12+Q13+Q14+Q15+Q16+Q17+Q18+Q19+Q20+Q21+Q22+Q23+Q24+Q25+Q26+Q27+Q28+Q29+Q30+Q31+Q32+Q33+Q34+Q35+Q36+Q37+Q38+Q39 | ... AG40: =AG5+AG6+AG7+AG8+AG9+AG10+AG11+AG12+AG13+AG14+AG15+AG16+AG17+AG18+AG19+AG20+AG21+AG22+AG23+AG24+AG25+AG26+AG27+AG28+AG29+AG30+AG31+AG32+AG33+AG34+AG35+AG36+AG37+AG38+AG39 | AH40: =AH5+AH10+AH15+AH20+AH25+AH30+AH35 | AI40: =AI5+AI10+AI15+AI20+AI25+AI30+AI35 | AJ40: =AJ5+AJ10+AJ15+AJ20+AJ25+AJ30+AJ35 | AK40: =AK5+AK10+AK15+AK20+AK25+AK30+AK35 | AL40: =AL5+AL10+AL15+AL20+AL25+AL30+AL35 | AM40: =AM5+AM10+AM15+AM20+AM25+AM30+AM35 | AN40: =AN5+AN10+AN15+AN20+AN25+AN30+AN35

Sheet 15
A1: Лист для ежедневной регистрации грязного белья и постельных принадлежностей (в кг)
A2: Дата | B2: Вид стирки | C2: Количество | D2: Общее время | E2: EMULSIFIER | F2: ALKALINE | G2: BLEACH | H2: SOFTENER | I2: NEUTRLIZER | J2: Вес | AH2: Всего Вес | AI2: Ваниш | AK2: Ленор | AM2: Порошок
J3: 1 | L3: 2 | N3: 3 | P3: 4 | R3: 5 | T3: 6 | V3: 7 | X3: 8 | Z3: 9 | AB3: 10 | AD3: 11 | AF3: 12
J4: день | K4: ночь | L4: день | M4: ночь | N4: день | O4: ночь | P4: день | Q4: ночь | R4: день | S4: ночь | T4: день | U4: ночь | V4: день | W4: ночь | X4: день | Y4: ночь | Z4: день | AA4: ночь | AB4: день | AC4: ночь | AD4: день | AE4: ночь | AF4: день | AG4: ночь | AI4: Кол-во | AJ4: Общее | AK4: Кол-во | AL4: Общее | AM4: Кол-во | AN4: Общее
B5: Постель белая | C5: =COUNT(J5:AG9) | D5: =C5*57 | E5: =C5*55*3 | F5: =C5*55*8 | G5: =C5*55*6 | H5: =C5*55*4 | I5: =C5*55*1 | AH5: =SUM(J5:AG9) | AJ5: =AI5*5 | AL5: =AK5*50 | AN5: =AM5*175
B10: Махра белая | C10: =COUNT(J10:AG14) | D10: =C10*51 | E10: =C10*55*3 | F10: =C10*55*8 | G10: =C10*55*6 | H10: =C10*55*5 | I10: =C10*55*1 | AH10: =SUM(J10:AG14) | AJ10: =AI10*5 | AL10: =AK10*50 | AN10: =AM10*175
B15: Униформа белая | C15: =COUNT(J15:AG19) | D15: =C15*55 | E15: =C15*55*3 | F15: =C15*55*8 | G15: =C15*55*5 | H15: =C15*55*3 | I15: =C15*55*1 | AH15: =SUM(J15:AG19) | AJ15: =AI15*5 | AL15: =AK15*50 | AN15: =AM15*175
B20: Униформа темная | C20: =COUNT(J20:AG24) | D20: =C20*45 | E20: =C20*55*2 | F20: =C20*55*6 | G20: =C20*55*0 | H20: =C20*55*3 | I20: =C20*55*1 | AH20: =SUM(J20:AG24) | AJ20: =AI20*5 | AL20: =AK20*50 | AN20: =AM20*175
B25: Синтетика | C25: =COUNT(J25:AG29) | D25: =C25*38 | E25: =C25*55*3 | F25: =C25*55*5 | G25: =C25*55*0 | H25: =C25*55*3 | I25: =C25*55*1 | AH25: =SUM(J25:AG29) | AJ25: =AI25*5 | AL25: =AK25*50 | AN25: =AM25*175
B30: Деликатная | C30: =COUNT(J30:AG34) | D30: =C30*50 | E30: =C30*55*2 | F30: =C30*55*4 | G30: =C30*55*0 | H30: =C30*55*3 | I30: =C30*55*1 | AH30: =SUM(J30:AG34) | AJ30: =AI30*5 | AL30: =AK30*50 | AN30: =AM30*175
B35: Спецодежда | C35: =COUNT(J35:AG39) | D35: =C35*42 | E35: =C35*55*3 | F35: =C35*55*10 | G35: =C35*55*0 | H35: =C35*55*3 | I35: =C35*55*1 | AH35: =SUM(J35:AG39) | AJ35: =AI35*5 | AL35: =AK35*50 | AN35: =AM35*175
A40: ИТОГО | C40: =C5+C10+C15+C20+C25+C30+C35 | D40: =D5+D10+D15+D20+D25+D30+D35 | E40: =E5+E10+E15+E20+E25+E30+E35 | F40: =F5+F10+F15+F20+F25+F30+F35 | G40: =G5+G10+G15+G20+G25+G30+G35 | H40: =H5+H10+H15+H20+H25+H30+H35 | I40: =I5+I10+I15+I20+I25+I30+I35 | J40: =J5+J6+J7+J8+J9+J10+J11+J12+J13+J14+J15+J16+J17+J18+J19+J20+J21+J22+J23+J24+J25+J26+J27+J28+J29+J30+J31+J32+J33+J34+J35+J36+J37+J38+J39 | K40: =K5+K6+K7+K8+K9+K10+K11+K12+K13+K14+K15+K16+K17+K18+K19+K20+K21+K22+K23+K24+K25+K26+K27+K28+K29+K30+K31+K32+K33+K34+K35+K36+K37+K38+K39 | L40: =L5+L6+L7+L8+L9+L10+L11+L12+L13+L14+L15+L16+L17+L18+L19+L20+L21+L22+L23+L24+L25+L26+L27+L28+L29+L30+L31+L32+L33+L34+L35+L36+L37+L38+L39 | M40: =M5+M6+M7+M8+M9+M10+M11+M12+M13+M14+M15+M16+M17+M18+M19+M20+M21+M22+M23+M24+M25+M26+M27+M28+M29+M30+M31+M32+M33+M34+M35+M36+M37+M38+M39 | N40: =N5+N6+N7+N8+N9+N10+N11+N12+N13+N14+N15+N16+N17+N18+N19+N20+N21+N22+N23+N24+N25+N26+N27+N28+N29+N30+N31+N32+N33+N34+N35+N36+N37+N38+N39 | O40: =O5+O6+O7+O8+O9+O10+O11+O12+O13+O14+O15+O16+O17+O18+O19+O20+O21+O22+O23+O24+O25+O26+O27+O28+O29+O30+O31+O32+O33+O34+O35+O36+O37+O38+O39 | P40: =P5+P6+P7+P8+P9+P10+P11+P12+P13+P14+P15+P16+P17+P18+P19+P20+P21+P22+P23+P24+P25+P26+P27+P28+P29+P30+P31+P32+P33+P34+P35+P36+P37+P38+P39 | Q40: =Q5+Q6+Q7+Q8+Q9+Q10+Q11+Q12+Q13+Q14+Q15+Q16+Q17+Q18+Q19+Q20+Q21+Q22+Q23+Q24+Q25+Q26+Q27+Q28+Q29+Q30+Q31+Q32+Q33+Q34+Q35+Q36+Q37+Q38+Q39 | ... AG40: =AG5+AG6+AG7+AG8+AG9+AG10+AG11+AG12+AG13+AG14+AG15+AG16+AG17+AG18+AG19+AG20+AG21+AG22+AG23+AG24+AG25+AG26+AG27+AG28+AG29+AG30+AG31+AG32+AG33+AG34+AG35+AG36+AG37+AG38+AG39 | AH40: =AH5+AH10+AH15+AH20+AH25+AH30+AH35 | AI40: =AI5+AI10+AI15+AI20+AI25+AI30+AI35 | AJ40: =AJ5+AJ10+AJ15+AJ20+AJ25+AJ30+AJ35 | AK40: =AK5+AK10+AK15+AK20+AK25+AK30+AK35 | AL40: =AL5+AL10+AL15+AL20+AL25+AL30+AL35 | AM40: =AM5+AM10+AM15+AM20+AM25+AM30+AM35 | AN40: =AN5+AN10+AN15+AN20+AN25+AN30+AN35

Sheet 16
A1: Лист для ежедневной регистрации грязного белья и постельных принадлежностей (в кг)
A2: Дата | B2: Вид стирки | C2: Количество | D2: Общее время | E2: EMULSIFIER | F2: ALKALINE | G2: BLEACH | H2: SOFTENER | I2: NEUTRLIZER | J2: Вес | AH2: Всего Вес | AI2: Ваниш | AK2: Ленор | AM2: Порошок
J3: 1 | L3: 2 | N3: 3 | P3: 4 | R3: 5 | T3: 6 | V3: 7 | X3: 8 | Z3: 9 | AB3: 10 | AD3: 11 | AF3: 12
J4: день | K4: ночь | L4: день | M4: ночь | N4: день | O4: ночь | P4: день | Q4: ночь | R4: день | S4: ночь | T4: день | U4: ночь | V4: день | W4: ночь | X4: день | Y4: ночь | Z4: день | AA4: ночь | AB4: день | AC4: ночь | AD4: день | AE4: ночь | AF4: день | AG4: ночь | AI4: Кол-во | AJ4: Общее | AK4: Кол-во | AL4: Общее | AM4: Кол-во | AN4: Общее
B5: Постель белая | C5: =COUNT(J5:AG9) | D5: =C5*57 | E5: =C5*55*3 | F5: =C5*55*8 | G5: =C5*55*6 | H5: =C5*55*4 | I5: =C5*55*1 | AH5: =SUM(J5:AG9) | AJ5: =AI5*5 | AL5: =AK5*50 | AN5: =AM5*175
B10: Махра белая | C10: =COUNT(J10:AG14) | D10: =C10*51 | E10: =C10*55*3 | F10: =C10*55*8 | G10: =C10*55*6 | H10: =C10*55*5 | I10: =C10*55*1 | AH10: =SUM(J10:AG14) | AJ10: =AI10*5 | AL10: =AK10*50 | AN10: =AM10*175
B15: Униформа белая | C15: =COUNT(J15:AG19) | D15: =C15*55 | E15: =C15*55*3 | F15: =C15*55*8 | G15: =C15*55*5 | H15: =C15*55*3 | I15: =C15*55*1 | AH15: =SUM(J15:AG19) | AJ15: =AI15*5 | AL15: =AK15*50 | AN15: =AM15*175
B20: Униформа темная | C20: =COUNT(J20:AG24) | D20: =C20*45 | E20: =C20*55*2 | F20: =C20*55*6 | G20: =C20*55*0 | H20: =C20*55*3 | I20: =C20*55*1 | AH20: =SUM(J20:AG24) | AJ20: =AI20*5 | AL20: =AK20*50 | AN20: =AM20*175
B25: Синтетика | C25: =COUNT(J25:AG29) | D25: =C25*38 | E25: =C25*55*3 | F25: =C25*55*5 | G25: =C25*55*0 | H25: =C25*55*3 | I25: =C25*55*1 | AH25: =SUM(J25:AG29) | AJ25: =AI25*5 | AL25: =AK25*50 | AN25: =AM25*175
B30: Деликатная | C30: =COUNT(J30:AG34) | D30: =C30*50 | E30: =C30*55*2 | F30: =C30*55*4 | G30: =C30*55*0 | H30: =C30*55*3 | I30: =C30*55*1 | AH30: =SUM(J30:AG34) | AJ30: =AI30*5 | AL30: =AK30*50 | AN30: =AM30*175
B35: Спецодежда | C35: =COUNT(J35:AG39) | D35: =C35*42 | E35: =C35*55*3 | F35: =C35*55*10 | G35: =C35*55*0 | H35: =C35*55*3 | I35: =C35*55*1 | AH35: =SUM(J35:AG39) | AJ35: =AI35*5 | AL35: =AK35*50 | AN35: =AM35*175
A40: ИТОГО | C40: =C5+C10+C15+C20+C25+C30+C35 | D40: =D5+D10+D15+D20+D25+D30+D35 | E40: =E5+E10+E15+E20+E25+E30+E35 | F40: =F5+F10+F15+F20+F25+F30+F35 | G40: =G5+G10+G15+G20+G25+G30+G35 | H40: =H5+H10+H15+H20+H25+H30+H35 | I40: =I5+I10+I15+I20+I25+I30+I35 | J40: =J5+J6+J7+J8+J9+J10+J11+J12+J13+J14+J15+J16+J17+J18+J19+J20+J21+J22+J23+J24+J25+J26+J27+J28+J29+J30+J31+J32+J33+J34+J35+J36+J37+J38+J39 | K40: =K5+K6+K7+K8+K9+K10+K11+K12+K13+K14+K15+K16+K17+K18+K19+K20+K21+K22+K23+K24+K25+K26+K27+K28+K29+K30+K31+K32+K33+K34+K35+K36+K37+K38+K39 | L40: =L5+L6+L7+L8+L9+L10+L11+L12+L13+L14+L15+L16+L17+L18+L19+L20+L21+L22+L23+L24+L25+L26+L27+L28+L29+L30+L31+L32+L33+L34+L35+L36+L37+L38+L39 | M40: =M5+M6+M7+M8+M9+M10+M11+M12+M13+M14+M15+M16+M17+M18+M19+M20+M21+M22+M23+M24+M25+M26+M27+M28+M29+M30+M31+M32+M33+M34+M35+M36+M37+M38+M39 | N40: =N5+N6+N7+N8+N9+N10+N11+N12+N13+N14+N15+N16+N17+N18+N19+N20+N21+N22+N23+N24+N25+N26+N27+N28+N29+N30+N31+N32+N33+N34+N35+N36+N37+N38+N39 | O40: =O5+O6+O7+O8+O9+O10+O11+O12+O13+O14+O15+O16+O17+O18+O19+O20+O21+O22+O23+O24+O25+O26+O27+O28+O29+O30+O31+O32+O33+O34+O35+O36+O37+O38+O39 | P40: =P5+P6+P7+P8+P9+P10+P11+P12+P13+P14+P15+P16+P17+P18+P19+P20+P21+P22+P23+P24+P25+P26+P27+P28+P29+P30+P31+P32+P33+P34+P35+P36+P37+P38+P39 | Q40: =Q5+Q6+Q7+Q8+Q9+Q10+Q11+Q12+Q13+Q14+Q15+Q16+Q17+Q18+Q19+Q20+Q21+Q22+Q23+Q24+Q25+Q26+Q27+Q28+Q29+Q30+Q31+Q32+Q33+Q34+Q35+Q36+Q37+Q38+Q39 | ... AG40: =AG5+AG6+AG7+AG8+AG9+AG10+AG11+AG12+AG13+AG14+AG15+AG16+AG17+AG18+AG19+AG20+AG21+AG22+AG23+AG24+AG25+AG26+AG27+AG28+AG29+AG30+AG31+AG32+AG33+AG34+AG35+AG36+AG37+AG38+AG39 | AH40: =AH5+AH10+AH15+AH20+AH25+AH30+AH35 | AI40: =AI5+AI10+AI15+AI20+AI25+AI30+AI35 | AJ40: =AJ5+AJ10+AJ15+AJ20+AJ25+AJ30+AJ35 | AK40: =AK5+AK10+AK15+AK20+AK25+AK30+AK35 | AL40: =AL5+AL10+AL15+AL20+AL25+AL30+AL35 | AM40: =AM5+AM10+AM15+AM20+AM25+AM30+AM35 | AN40: =AN5+AN10+AN15+AN20+AN25+AN30+AN35

Sheet 17
A1: Лист для ежедневной регистрации грязного белья и постельных принадлежностей (в кг)
A2: Дата | B2: Вид стирки | C2: Количество | D2: Общее время | E2: EMULSIFIER | F2: ALKALINE | G2: BLEACH | H2: SOFTENER | I2: NEUTRLIZER | J2: Вес | AH2: Всего Вес | AI2: Ваниш | AK2: Ленор | AM2: Порошок
J3: 1 | L3: 2 | N3: 3 | P3: 4 | R3: 5 | T3: 6 | V3: 7 | X3: 8 | Z3: 9 | AB3: 10 | AD3: 11 | AF3: 12
J4: день | K4: ночь | L4: день | M4: ночь | N4: день | O4: ночь | P4: день | Q4: ночь | R4: день | S4: ночь | T4: день | U4: ночь | V4: день | W4: ночь | X4: день | Y4: ночь | Z4: день | AA4: ночь | AB4: день | AC4: ночь | AD4: день | AE4: ночь | AF4: день | AG4: ночь | AI4: Кол-во | AJ4: Общее | AK4: Кол-во | AL4: Общее | AM4: Кол-во | AN4: Общее
B5: Постель белая | C5: =COUNT(J5:AG9) | D5: =C5*57 | E5: =C5*55*3 | F5: =C5*55*8 | G5: =C5*55*6 | H5: =C5*55*4 | I5: =C5*55*1 | AH5: =SUM(J5:AG9) | AJ5: =AI5*5 | AL5: =AK5*50 | AN5: =AM5*175
B10: Махра белая | C10: =COUNT(J10:AG14) | D10: =C10*51 | E10: =C10*55*3 | F10: =C10*55*8 | G10: =C10*55*6 | H10: =C10*55*5 | I10: =C10*55*1 | AH10: =SUM(J10:AG14) | AJ10: =AI10*5 | AL10: =AK10*50 | AN10: =AM10*175
B15: Униформа белая | C15: =COUNT(J15:AG19) | D15: =C15*55 | E15: =C15*55*3 | F15: =C15*55*8 | G15: =C15*55*5 | H15: =C15*55*3 | I15: =C15*55*1 | AH15: =SUM(J15:AG19) | AJ15: =AI15*5 | AL15: =AK15*50 | AN15: =AM15*175
B20: Униформа темная | C20: =COUNT(J20:AG24) | D20: =C20*45 | E20: =C20*55*2 | F20: =C20*55*6 | G20: =C20*55*0 | H20: =C20*55*3 | I20: =C20*55*1 | AH20: =SUM(J20:AG24) | AJ20: =AI20*5 | AL20: =AK20*50 | AN20: =AM20*175
B25: Синтетика | C25: =COUNT(J25:AG29) | D25: =C25*38 | E25: =C25*55*3 | F25: =C25*55*5 | G25: =C25*55*0 | H25: =C25*55*3 | I25: =C25*55*1 | AH25: =SUM(J25:AG29) | AJ25: =AI25*5 | AL25: =AK25*50 | AN25: =AM25*175
B30: Деликатная | C30: =COUNT(J30:AG34) | D30: =C30*50 | E30: =C30*55*2 | F30: =C30*55*4 | G30: =C30*55*0 | H30: =C30*55*3 | I30: =C30*55*1 | AH30: =SUM(J30:AG34) | AJ30: =AI30*5 | AL30: =AK30*50 | AN30: =AM30*175
B35: Спецодежда | C35: =COUNT(J35:AG39) | D35: =C35*42 | E35: =C35*55*3 | F35: =C35*55*10 | G35: =C35*55*0 | H35: =C35*55*3 | I35: =C35*55*1 | AH35: =SUM(J35:AG39) | AJ35: =AI35*5 | AL35: =AK35*50 | AN35: =AM35*175
A40: ИТОГО | C40: =C5+C10+C15+C20+C25+C30+C35 | D40: =D5+D10+D15+D20+D25+D30+D35 | E40: =E5+E10+E15+E20+E25+E30+E35 | F40: =F5+F10+F15+F20+F25+F30+F35 | G40: =G5+G10+G15+G20+G25+G30+G35 | H40: =H5+H10+H15+H20+H25+H30+H35 | I40: =I5+I10+I15+I20+I25+I30+I35 | J40: =J5+J6+J7+J8+J9+J10+J11+J12+J13+J14+J15+J16+J17+J18+J19+J20+J21+J22+J23+J24+J25+J26+J27+J28+J29+J30+J31+J32+J33+J34+J35+J36+J37+J38+J39 | K40: =K5+K6+K7+K8+K9+K10+K11+K12+K13+K14+K15+K16+K17+K18+K19+K20+K21+K22+K23+K24+K25+K26+K27+K28+K29+K30+K31+K32+K33+K34+K35+K36+K37+K38+K39 | L40: =L5+L6+L7+L8+L9+L10+L11+L12+L13+L14+L15+L16+L17+L18+L19+L20+L21+L22+L23+L24+L25+L26+L27+L28+L29+L30+L31+L32+L33+L34+L35+L36+L37+L38+L39 | M40: =M5+M6+M7+M8+M9+M10+M11+M12+M13+M14+M15+M16+M17+M18+M19+M20+M21+M22+M23+M24+M25+M26+M27+M28+M29+M30+M31+M32+M33+M34+M35+M36+M37+M38+M39 | N40: =N5+N6+N7+N8+N9+N10+N11+N12+N13+N14+N15+N16+N17+N18+N19+N20+N21+N22+N23+N24+N25+N26+N27+N28+N29+N30+N31+N32+N33+N34+N35+N36+N37+N38+N39 | O40: =O5+O6+O7+O8+O9+O10+O11+O12+O13+O14+O15+O16+O17+O18+O19+O20+O21+O22+O23+O24+O25+O26+O27+O28+O29+O30+O31+O32+O33+O34+O35+O36+O37+O38+O39 | P40: =P5+P6+P7+P8+P9+P10+P11+P12+P13+P14+P15+P16+P17+P18+P19+P20+P21+P22+P23+P24+P25+P26+P27+P28+P29+P30+P31+P32+P33+P34+P35+P36+P37+P38+P39 | Q40: =Q5+Q6+Q7+Q8+Q9+Q10+Q11+Q12+Q13+Q14+Q15+Q16+Q17+Q18+Q19+Q20+Q21+Q22+Q23+Q24+Q25+Q26+Q27+Q28+Q29+Q30+Q31+Q32+Q33+Q34+Q35+Q36+Q37+Q38+Q39 | ... AG40: =AG5+AG6+AG7+AG8+AG9+AG10+AG11+AG12+AG13+AG14+AG15+AG16+AG17+AG18+AG19+AG20+AG21+AG22+AG23+AG24+AG25+AG26+AG27+AG28+AG29+AG30+AG31+AG32+AG33+AG34+AG35+AG36+AG37+AG38+AG39 | AH40: =AH5+AH10+AH15+AH20+AH25+AH30+AH35 | AI40: =AI5+AI10+AI15+AI20+AI25+AI30+AI35 | AJ40: =AJ5+AJ10+AJ15+AJ20+AJ25+AJ30+AJ35 | AK40: =AK5+AK10+AK15+AK20+AK25+AK30+AK35 | AL40: =AL5+AL10+AL15+AL20+AL25+AL30+AL35 | AM40: =AM5+AM10+AM15+AM20+AM25+AM30+AM35 | AN40: =AN5+AN10+AN15+AN20+AN25+AN30+AN35

Sheet 18
A1: Лист для ежедневной регистрации грязного белья и постельных принадлежностей (в кг)
A2: Дата | B2: Вид стирки | C2: Количество | D2: Общее время | E2: EMULSIFIER | F2: ALKALINE | G2: BLEACH | H2: SOFTENER | I2: NEUTRLIZER | J2: Вес | AH2: Всего Вес | AI2: Ваниш | AK2: Ленор | AM2: Порошок
J3: 1 | L3: 2 | N3: 3 | P3: 4 | R3: 5 | T3: 6 | V3: 7 | X3: 8 | Z3: 9 | AB3: 10 | AD3: 11 | AF3: 12
J4: день | K4: ночь | L4: день | M4: ночь | N4: день | O4: ночь | P4: день | Q4: ночь | R4: день | S4: ночь | T4: день | U4: ночь | V4: день | W4: ночь | X4: день | Y4: ночь | Z4: день | AA4: ночь | AB4: день | AC4: ночь | AD4: день | AE4: ночь | AF4: день | AG4: ночь | AI4: Кол-во | AJ4: Общее | AK4: Кол-во | AL4: Общее | AM4: Кол-во | AN4: Общее
B5: Постель белая | C5: =COUNT(J5:AG9) | D5: =C5*57 | E5: =C5*55*3 | F5: =C5*55*8 | G5: =C5*55*6 | H5: =C5*55*4 | I5: =C5*55*1 | AH5: =SUM(J5:AG9) | AJ5: =AI5*5 | AL5: =AK5*50 | AN5: =AM5*175
B10: Махра белая | C10: =COUNT(J10:AG14) | D10: =C10*51 | E10: =C10*55*3 | F10: =C10*55*8 | G10: =C10*55*6 | H10: =C10*55*5 | I10: =C10*55*1 | AH10: =SUM(J10:AG14) | AJ10: =AI10*5 | AL10: =AK10*50 | AN10: =AM10*175
B15: Униформа белая | C15: =COUNT(J15:AG19) | D15: =C15*55 | E15: =C15*55*3 | F15: =C15*55*8 | G15: =C15*55*5 | H15: =C15*55*3 | I15: =C15*55*1 | AH15: =SUM(J15:AG19) | AJ15: =AI15*5 | AL15: =AK15*50 | AN15: =AM15*175
B20: Униформа темная | C20: =COUNT(J20:AG24) | D20: =C20*45 | E20: =C20*55*2 | F20: =C20*55*6 | G20: =C20*55*0 | H20: =C20*55*3 | I20: =C20*55*1 | AH20: =SUM(J20:AG24) | AJ20: =AI20*5 | AL20: =AK20*50 | AN20: =AM20*175
B25: Синтетика | C25: =COUNT(J25:AG29) | D25: =C25*38 | E25: =C25*55*3 | F25: =C25*55*5 | G25: =C25*55*0 | H25: =C25*55*3 | I25: =C25*55*1 | AH25: =SUM(J25:AG29) | AJ25: =AI25*5 | AL25: =AK25*50 | AN25: =AM25*175
B30: Деликатная | C30: =COUNT(J30:AG34) | D30: =C30*50 | E30: =C30*55*2 | F30: =C30*55*4 | G30: =C30*55*0 | H30: =C30*55*3 | I30: =C30*55*1 | AH30: =SUM(J30:AG34) | AJ30: =AI30*5 | AL30: =AK30*50 | AN30: =AM30*175
B35: Спецодежда | C35: =COUNT(J35:AG39) | D35: =C35*42 | E35: =C35*55*3 | F35: =C35*55*10 | G35: =C35*55*0 | H35: =C35*55*3 | I35: =C35*55*1 | AH35: =SUM(J35:AG39) | AJ35: =AI35*5 | AL35: =AK35*50 | AN35: =AM35*175
A40: ИТОГО | C40: =C5+C10+C15+C20+C25+C30+C35 | D40: =D5+D10+D15+D20+D25+D30+D35 | E40: =E5+E10+E15+E20+E25+E30+E35 | F40: =F5+F10+F15+F20+F25+F30+F35 | G40: =G5+G10+G15+G20+G25+G30+G35 | H40: =H5+H10+H15+H20+H25+H30+H35 | I40: =I5+I10+I15+I20+I25+I30+I35 | J40: =J5+J6+J7+J8+J9+J10+J11+J12+J13+J14+J15+J16+J17+J18+J19+J20+J21+J22+J23+J24+J25+J26+J27+J28+J29+J30+J31+J32+J33+J34+J35+J36+J37+J38+J39 | K40: =K5+K6+K7+K8+K9+K10+K11+K12+K13+K14+K15+K16+K17+K18+K19+K20+K21+K22+K23+K24+K25+K26+K27+K28+K29+K30+K31+K32+K33+K34+K35+K36+K37+K38+K39 | L40: =L5+L6+L7+L8+L9+L10+L11+L12+L13+L14+L15+L16+L17+L18+L19+L20+L21+L22+L23+L24+L25+L26+L27+L28+L29+L30+L31+L32+L33+L34+L35+L36+L37+L38+L39 | M40: =M5+M6+M7+M8+M9+M10+M11+M12+M13+M14+M15+M16+M17+M18+M19+M20+M21+M22+M23+M24+M25+M26+M27+M28+M29+M30+M31+M32+M33+M34+M35+M36+M37+M38+M39 | N40: =N5+N6+N7+N8+N9+N10+N11+N12+N13+N14+N15+N16+N17+N18+N19+N20+N21+N22+N23+N24+N25+N26+N27+N28+N29+N30+N31+N32+N33+N34+N35+N36+N37+N38+N39 | O40: =O5+O6+O7+O8+O9+O10+O11+O12+O13+O14+O15+O16+O17+O18+O19+O20+O21+O22+O23+O24+O25+O26+O27+O28+O29+O30+O31+O32+O33+O34+O35+O36+O37+O38+O39 | P40: =P5+P6+P7+P8+P9+P10+P11+P12+P13+P14+P15+P16+P17+P18+P19+P20+P21+P22+P23+P24+P25+P26+P27+P28+P29+P30+P31+P32+P33+P34+P35+P36+P37+P38+P39 | Q40: =Q5+Q6+Q7+Q8+Q9+Q10+Q11+Q12+Q13+Q14+Q15+Q16+Q17+Q18+Q19+Q20+Q21+Q22+Q23+Q24+Q25+Q26+Q27+Q28+Q29+Q30+Q31+Q32+Q33+Q34+Q35+Q36+Q37+Q38+Q39 | ... AG40: =AG5+AG6+AG7+AG8+AG9+AG10+AG11+AG12+AG13+AG14+AG15+AG16+AG17+AG18+AG19+AG20+AG21+AG22+AG23+AG24+AG25+AG26+AG27+AG28+AG29+AG30+AG31+AG32+AG33+AG34+AG35+AG36+AG37+AG38+AG39 | AH40: =AH5+AH10+AH15+AH20+AH25+AH30+AH35 | AI40: =AI5+AI10+AI15+AI20+AI25+AI30+AI35 | AJ40: =AJ5+AJ10+AJ15+AJ20+AJ25+AJ30+AJ35 | AK40: =AK5+AK10+AK15+AK20+AK25+AK30+AK35 | AL40: =AL5+AL10+AL15+AL20+AL25+AL30+AL35 | AM40: =AM5+AM10+AM15+AM20+AM25+AM30+AM35 | AN40: =AN5+AN10+AN15+AN20+AN25+AN30+AN35

Sheet 19
A1: Лист для ежедневной регистрации грязного белья и постельных принадлежностей (в кг)
A2: Дата | B2: Вид стирки | C2: Количество | D2: Общее время | E2: EMULSIFIER | F2: ALKALINE | G2: BLEACH | H2: SOFTENER | I2: NEUTRLIZER | J2: Вес | AH2: Всего Вес | AI2: Ваниш | AK2: Ленор | AM2: Порошок
J3: 1 | L3: 2 | N3: 3 | P3: 4 | R3: 5 | T3: 6 | V3: 7 | X3: 8 | Z3: 9 | AB3: 10 | AD3: 11 | AF3: 12
J4: день | K4: ночь | L4: день | M4: ночь | N4: день | O4: ночь | P4: день | Q4: ночь | R4: день | S4: ночь | T4: день | U4: ночь | V4: день | W4: ночь | X4: день | Y4: ночь | Z4: день | AA4: ночь | AB4: день | AC4: ночь | AD4: день | AE4: ночь | AF4: день | AG4: ночь | AI4: Кол-во | AJ4: Общее | AK4: Кол-во | AL4: Общее | AM4: Кол-во | AN4: Общее
B5: Постель белая | C5: =COUNT(J5:AG9) | D5: =C5*57 | E5: =C5*55*3 | F5: =C5*55*8 | G5: =C5*55*6 | H5: =C5*55*4 | I5: =C5*55*1 | AH5: =SUM(J5:AG9) | AJ5: =AI5*5 | AL5: =AK5*50 | AN5: =AM5*175
B10: Махра белая | C10: =COUNT(J10:AG14) | D10: =C10*51 | E10: =C10*55*3 | F10: =C10*55*8 | G10: =C10*55*6 | H10: =C10*55*5 | I10: =C10*55*1 | AH10: =SUM(J10:AG14) | AJ10: =AI10*5 | AL10: =AK10*50 | AN10: =AM10*175
B15: Униформа белая | C15: =COUNT(J15:AG19) | D15: =C15*55 | E15: =C15*55*3 | F15: =C15*55*8 | G15: =C15*55*5 | H15: =C15*55*3 | I15: =C15*55*1 | AH15: =SUM(J15:AG19) | AJ15: =AI15*5 | AL15: =AK15*50 | AN15: =AM15*175
B20: Униформа темная | C20: =COUNT(J20:AG24) | D20: =C20*45 | E20: =C20*55*2 | F20: =C20*55*6 | G20: =C20*55*0 | H20: =C20*55*3 | I20: =C20*55*1 | AH20: =SUM(J20:AG24) | AJ20: =AI20*5 | AL20: =AK20*50 | AN20: =AM20*175
B25: Синтетика | C25: =COUNT(J25:AG29) | D25: =C25*38 | E25: =C25*55*3 | F25: =C25*55*5 | G25: =C25*55*0 | H25: =C25*55*3 | I25: =C25*55*1 | AH25: =SUM(J25:AG29) | AJ25: =AI25*5 | AL25: =AK25*50 | AN25: =AM25*175
B30: Деликатная | C30: =COUNT(J30:AG34) | D30: =C30*50 | E30: =C30*55*2 | F30: =C30*55*4 | G30: =C30*55*0 | H30: =C30*55*3 | I30: =C30*55*1 | AH30: =SUM(J30:AG34) | AJ30: =AI30*5 | AL30: =AK30*50 | AN30: =AM30*175
B35: Спецодежда | C35: =COUNT(J35:AG39) | D35: =C35*42 | E35: =C35*55*3 | F35: =C35*55*10 | G35: =C35*55*0 | H35: =C35*55*3 | I35: =C35*55*1 | AH35: =SUM(J35:AG39) | AJ35: =AI35*5 | AL35: =AK35*50 | AN35: =AM35*175
A40: ИТОГО | C40: =C5+C10+C15+C20+C25+C30+C35 | D40: =D5+D10+D15+D20+D25+D30+D35 | E40: =E5+E10+E15+E20+E25+E30+E35 | F40: =F5+F10+F15+F20+F25+F30+F35 | G40: =G5+G10+G15+G20+G25+G30+G35 | H40: =H5+H10+H15+H20+H25+H30+H35 | I40: =I5+I10+I15+I20+I25+I30+I35 | J40: =J5+J6+J7+J8+J9+J10+J11+J12+J13+J14+J15+J16+J17+J18+J19+J20+J21+J22+J23+J24+J25+J26+J27+J28+J29+J30+J31+J32+J33+J34+J35+J36+J37+J38+J39 | K40: =K5+K6+K7+K8+K9+K10+K11+K12+K13+K14+K15+K16+K17+K18+K19+K20+K21+K22+K23+K24+K25+K26+K27+K28+K29+K30+K31+K32+K33+K34+K35+K36+K37+K38+K39 | L40: =L5+L6+L7+L8+L9+L10+L11+L12+L13+L14+L15+L16+L17+L18+L19+L20+L21+L22+L23+L24+L25+L26+L27+L28+L29+L30+L31+L32+L33+L34+L35+L36+L37+L38+L39 | M40: =M5+M6+M7+M8+M9+M10+M11+M12+M13+M14+M15+M16+M17+M18+M19+M20+M21+M22+M23+M24+M25+M26+M27+M28+M29+M30+M31+M32+M33+M34+M35+M36+M37+M38+M39 | N40: =N5+N6+N7+N8+N9+N10+N11+N12+N13+N14+N15+N16+N17+N18+N19+N20+N21+N22+N23+N24+N25+N26+N27+N28+N29+N30+N31+N32+N33+N34+N35+N36+N37+N38+N39 | O40: =O5+O6+O7+O8+O9+O10+O11+O12+O13+O14+O15+O16+O17+O18+O19+O20+O21+O22+O23+O24+O25+O26+O27+O28+O29+O30+O31+O32+O33+O34+O35+O36+O37+O38+O39 | P40: =P5+P6+P7+P8+P9+P10+P11+P12+P13+P14+P15+P16+P17+P18+P19+P20+P21+P22+P23+P24+P25+P26+P27+P28+P29+P30+P31+P32+P33+P34+P35+P36+P37+P38+P39 | Q40: =Q5+Q6+Q7+Q8+Q9+Q10+Q11+Q12+Q13+Q14+Q15+Q16+Q17+Q18+Q19+Q20+Q21+Q22+Q23+Q24+Q25+Q26+Q27+Q28+Q29+Q30+Q31+Q32+Q33+Q34+Q35+Q36+Q37+Q38+Q39 | ... AG40: =AG5+AG6+AG7+AG8+AG9+AG10+AG11+AG12+AG13+AG14+AG15+AG16+AG17+AG18+AG19+AG20+AG21+AG22+AG23+AG24+AG25+AG26+AG27+AG28+AG29+AG30+AG31+AG32+AG33+AG34+AG35+AG36+AG37+AG38+AG39 | AH40: =AH5+AH10+AH15+AH20+AH25+AH30+AH35 | AI40: =AI5+AI10+AI15+AI20+AI25+AI30+AI35 | AJ40: =AJ5+AJ10+AJ15+AJ20+AJ25+AJ30+AJ35 | AK40: =AK5+AK10+AK15+AK20+AK25+AK30+AK35 | AL40: =AL5+AL10+AL15+AL20+AL25+AL30+AL35 | AM40: =AM5+AM10+AM15+AM20+AM25+AM30+AM35 | AN40: =AN5+AN10+AN15+AN20+AN25+AN30+AN35

Sheet 20
A1: Лист для ежедневной регистрации грязного белья и постельных принадлежностей (в кг)
A2: Дата | B2: Вид стирки | C2: Количество | D2: Общее время | E2: EMULSIFIER | F2: ALKALINE | G2: BLEACH | H2: SOFTENER | I2: NEUTRLIZER | J2: Вес | AH2: Всего Вес | AI2: Ваниш | AK2: Ленор | AM2: Порошок
J3: 1 | L3: 2 | N3: 3 | P3: 4 | R3: 5 | T3: 6 | V3: 7 | X3: 8 | Z3: 9 | AB3: 10 | AD3: 11 | AF3: 12
J4: день | K4: ночь | L4: день | M4: ночь | N4: день | O4: ночь | P4: день | Q4: ночь | R4: день | S4: ночь | T4: день | U4: ночь | V4: день | W4: ночь | X4: день | Y4: ночь | Z4: день | AA4: ночь | AB4: день | AC4: ночь | AD4: день | AE4: ночь | AF4: день | AG4: ночь | AI4: Кол-во | AJ4: Общее | AK4: Кол-во | AL4: Общее | AM4: Кол-во | AN4: Общее
B5: Постель белая | C5: =COUNT(J5:AG9) | D5: =C5*57 | E5: =C5*55*3 | F5: =C5*55*8 | G5: =C5*55*6 | H5: =C5*55*4 | I5: =C5*55*1 | AH5: =SUM(J5:AG9) | AJ5: =AI5*5 | AL5: =AK5*50 | AN5: =AM5*175
B10: Махра белая | C10: =COUNT(J10:AG14) | D10: =C10*51 | E10: =C10*55*3 | F10: =C10*55*8 | G10: =C10*55*6 | H10: =C10*55*5 | I10: =C10*55*1 | AH10: =SUM(J10:AG14) | AJ10: =AI10*5 | AL10: =AK10*50 | AN10: =AM10*175
B15: Униформа белая | C15: =COUNT(J15:AG19) | D15: =C15*55 | E15: =C15*55*3 | F15: =C15*55*8 | G15: =C15*55*5 | H15: =C15*55*3 | I15: =C15*55*1 | AH15: =SUM(J15:AG19) | AJ15: =AI15*5 | AL15: =AK15*50 | AN15: =AM15*175
B20: Униформа темная | C20: =COUNT(J20:AG24) | D20: =C20*45 | E20: =C20*55*2 | F20: =C20*55*6 | G20: =C20*55*0 | H20: =C20*55*3 | I20: =C20*55*1 | AH20: =SUM(J20:AG24) | AJ20: =AI20*5 | AL20: =AK20*50 | AN20: =AM20*175
B25: Синтетика | C25: =COUNT(J25:AG29) | D25: =C25*38 | E25: =C25*55*3 | F25: =C25*55*5 | G25: =C25*55*0 | H25: =C25*55*3 | I25: =C25*55*1 | AH25: =SUM(J25:AG29) | AJ25: =AI25*5 | AL25: =AK25*50 | AN25: =AM25*175
B30: Деликатная | C30: =COUNT(J30:AG34) | D30: =C30*50 | E30: =C30*55*2 | F30: =C30*55*4 | G30: =C30*55*0 | H30: =C30*55*3 | I30: =C30*55*1 | AH30: =SUM(J30:AG34) | AJ30: =AI30*5 | AL30: =AK30*50 | AN30: =AM30*175
B35: Спецодежда | C35: =COUNT(J35:AG39) | D35: =C35*42 | E35: =C35*55*3 | F35: =C35*55*10 | G35: =C35*55*0 | H35: =C35*55*3 | I35: =C35*55*1 | AH35: =SUM(J35:AG39) | AJ35: =AI35*5 | AL35: =AK35*50 | AN35: =AM35*175
A40: ИТОГО | C40: =C5+C10+C15+C20+C25+C30+C35 | D40: =D5+D10+D15+D20+D25+D30+D35 | E40: =E5+E10+E15+E20+E25+E30+E35 | F40: =F5+F10+F15+F20+F25+F30+F35 | G40: =G5+G10+G15+G20+G25+G30+G35 | H40: =H5+H10+H15+H20+H25+H30+H35 | I40: =I5+I10+I15+I20+I25+I30+I35 | J40: =J5+J6+J7+J8+J9+J10+J11+J12+J13+J14+J15+J16+J17+J18+J19+J20+J21+J22+J23+J24+J25+J26+J27+J28+J29+J30+J31+J32+J33+J34+J35+J36+J37+J38+J39 | K40: =K5+K6+K7+K8+K9+K10+K11+K12+K13+K14+K15+K16+K17+K18+K19+K20+K21+K22+K23+K24+K25+K26+K27+K28+K29+K30+K31+K32+K33+K34+K35+K36+K37+K38+K39 | L40: =L5+L6+L7+L8+L9+L10+L11+L12+L13+L14+L15+L16+L17+L18+L19+L20+L21+L22+L23+L24+L25+L26+L27+L28+L29+L30+L31+L32+L33+L34+L35+L36+L37+L38+L39 | M40: =M5+M6+M7+M8+M9+M10+M11+M12+M13+M14+M15+M16+M17+M18+M19+M20+M21+M22+M23+M24+M25+M26+M27+M28+M29+M30+M31+M32+M33+M34+M35+M36+M37+M38+M39 | N40: =N5+N6+N7+N8+N9+N10+N11+N12+N13+N14+N15+N16+N17+N18+N19+N20+N21+N22+N23+N24+N25+N26+N27+N28+N29+N30+N31+N32+N33+N34+N35+N36+N37+N38+N39 | O40: =O5+O6+O7+O8+O9+O10+O11+O12+O13+O14+O15+O16+O17+O18+O19+O20+O21+O22+O23+O24+O25+O26+O27+O28+O29+O30+O31+O32+O33+O34+O35+O36+O37+O38+O39 | P40: =P5+P6+P7+P8+P9+P10+P11+P12+P13+P14+P15+P16+P17+P18+P19+P20+P21+P22+P23+P24+P25+P26+P27+P28+P29+P30+P31+P32+P33+P34+P35+P36+P37+P38+P39 | Q40: =Q5+Q6+Q7+Q8+Q9+Q10+Q11+Q12+Q13+Q14+Q15+Q16+Q17+Q18+Q19+Q20+Q21+Q22+Q23+Q24+Q25+Q26+Q27+Q28+Q29+Q30+Q31+Q32+Q33+Q34+Q35+Q36+Q37+Q38+Q39 | ... AG40: =AG5+AG6+AG7+AG8+AG9+AG10+AG11+AG12+AG13+AG14+AG15+AG16+AG17+AG18+AG19+AG20+AG21+AG22+AG23+AG24+AG25+AG26+AG27+AG28+AG29+AG30+AG31+AG32+AG33+AG34+AG35+AG36+AG37+AG38+AG39 | AH40: =AH5+AH10+AH15+AH20+AH25+AH30+AH35 | AI40: =AI5+AI10+AI15+AI20+AI25+AI30+AI35 | AJ40: =AJ5+AJ10+AJ15+AJ20+AJ25+AJ30+AJ35 | AK40: =AK5+AK10+AK15+AK20+AK25+AK30+AK35 | AL40: =AL5+AL10+AL15+AL20+AL25+AL30+AL35 | AM40: =AM5+AM10+AM15+AM20+AM25+AM30+AM35 | AN40: =AN5+AN10+AN15+AN20+AN25+AN30+AN35

Sheet 21
A1: Лист для ежедневной регистрации грязного белья и постельных принадлежностей (в кг)
A2: Дата | B2: Вид стирки | C2: Количество | D2: Общее время | E2: EMULSIFIER | F2: ALKALINE | G2: BLEACH | H2: SOFTENER | I2: NEUTRLIZER | J2: Вес | AH2: Всего Вес | AI2: Ваниш | AK2: Ленор | AM2: Порошок
J3: 1 | L3: 2 | N3: 3 | P3: 4 | R3: 5 | T3: 6 | V3: 7 | X3: 8 | Z3: 9 | AB3: 10 | AD3: 11 | AF3: 12
J4: день | K4: ночь | L4: день | M4: ночь | N4: день | O4: ночь | P4: день | Q4: ночь | R4: день | S4: ночь | T4: день | U4: ночь | V4: день | W4: ночь | X4: день | Y4: ночь | Z4: день | AA4: ночь | AB4: день | AC4: ночь | AD4: день | AE4: ночь | AF4: день | AG4: ночь | AI4: Кол-во | AJ4: Общее | AK4: Кол-во | AL4: Общее | AM4: Кол-во | AN4: Общее
B5: Постель белая | C5: =COUNT(J5:AG9) | D5: =C5*57 | E5: =C5*55*3 | F5: =C5*55*8 | G5: =C5*55*6 | H5: =C5*55*4 | I5: =C5*55*1 | AH5: =SUM(J5:AG9) | AJ5: =AI5*5 | AL5: =AK5*50 | AN5: =AM5*175
B10: Махра белая | C10: =COUNT(J10:AG14) | D10: =C10*51 | E10: =C10*55*3 | F10: =C10*55*8 | G10: =C10*55*6 | H10: =C10*55*5 | I10: =C10*55*1 | AH10: =SUM(J10:AG14) | AJ10: =AI10*5 | AL10: =AK10*50 | AN10: =AM10*175
B15: Униформа белая | C15: =COUNT(J15:AG19) | D15: =C15*55 | E15: =C15*55*3 | F15: =C15*55*8 | G15: =C15*55*5 | H15: =C15*55*3 | I15: =C15*55*1 | AH15: =SUM(J15:AG19) | AJ15: =AI15*5 | AL15: =AK15*50 | AN15: =AM15*175
B20: Униформа темная | C20: =COUNT(J20:AG24) | D20: =C20*45 | E20: =C20*55*2 | F20: =C20*55*6 | G20: =C20*55*0 | H20: =C20*55*3 | I20: =C20*55*1 | AH20: =SUM(J20:AG24) | AJ20: =AI20*5 | AL20: =AK20*50 | AN20: =AM20*175
B25: Синтетика | C25: =COUNT(J25:AG29) | D25: =C25*38 | E25: =C25*55*3 | F25: =C25*55*5 | G25: =C25*55*0 | H25: =C25*55*3 | I25: =C25*55*1 | AH25: =SUM(J25:AG29) | AJ25: =AI25*5 | AL25: =AK25*50 | AN25: =AM25*175
B30: Деликатная | C30: =COUNT(J30:AG34) | D30: =C30*50 | E30: =C30*55*2 | F30: =C30*55*4 | G30: =C30*55*0 | H30: =C30*55*3 | I30: =C30*55*1 | AH30: =SUM(J30:AG34) | AJ30: =AI30*5 | AL30: =AK30*50 | AN30: =AM30*175
B35: Спецодежда | C35: =COUNT(J35:AG39) | D35: =C35*42 | E35: =C35*55*3 | F35: =C35*55*10 | G35: =C35*55*0 | H35: =C35*55*3 | I35: =C35*55*1 | AH35: =SUM(J35:AG39) | AJ35: =AI35*5 | AL35: =AK35*50 | AN35: =AM35*175
A40: ИТОГО | C40: =C5+C10+C15+C20+C25+C30+C35 | D40: =D5+D10+D15+D20+D25+D30+D35 | E40: =E5+E10+E15+E20+E25+E30+E35 | F40: =F5+F10+F15+F20+F25+F30+F35 | G40: =G5+G10+G15+G20+G25+G30+G35 | H40: =H5+H10+H15+H20+H25+H30+H35 | I40: =I5+I10+I15+I20+I25+I30+I35 | J40: =J5+J6+J7+J8+J9+J10+J11+J12+J13+J14+J15+J16+J17+J18+J19+J20+J21+J22+J23+J24+J25+J26+J27+J28+J29+J30+J31+J32+J33+J34+J35+J36+J37+J38+J39 | K40: =K5+K6+K7+K8+K9+K10+K11+K12+K13+K14+K15+K16+K17+K18+K19+K20+K21+K22+K23+K24+K25+K26+K27+K28+K29+K30+K31+K32+K33+K34+K35+K36+K37+K38+K39 | L40: =L5+L6+L7+L8+L9+L10+L11+L12+L13+L14+L15+L16+L17+L18+L19+L20+L21+L22+L23+L24+L25+L26+L27+L28+L29+L30+L31+L32+L33+L34+L35+L36+L37+L38+L39 | M40: =M5+M6+M7+M8+M9+M10+M11+M12+M13+M14+M15+M16+M17+M18+M19+M20+M21+M22+M23+M24+M25+M26+M27+M28+M29+M30+M31+M32+M33+M34+M35+M36+M37+M38+M39 | N40: =N5+N6+N7+N8+N9+N10+N11+N12+N13+N14+N15+N16+N17+N18+N19+N20+N21+N22+N23+N24+N25+N26+N27+N28+N29+N30+N31+N32+N33+N34+N35+N36+N37+N38+N39 | O40: =O5+O6+O7+O8+O9+O10+O11+O12+O13+O14+O15+O16+O17+O18+O19+O20+O21+O22+O23+O24+O25+O26+O27+O28+O29+O30+O31+O32+O33+O34+O35+O36+O37+O38+O39 | P40: =P5+P6+P7+P8+P9+P10+P11+P12+P13+P14+P15+P16+P17+P18+P19+P20+P21+P22+P23+P24+P25+P26+P27+P28+P29+P30+P31+P32+P33+P34+P35+P36+P37+P38+P39 | Q40: =Q5+Q6+Q7+Q8+Q9+Q10+Q11+Q12+Q13+Q14+Q15+Q16+Q17+Q18+Q19+Q20+Q21+Q22+Q23+Q24+Q25+Q26+Q27+Q28+Q29+Q30+Q31+Q32+Q33+Q34+Q35+Q36+Q37+Q38+Q39 | ... AG40: =AG5+AG6+AG7+AG8+AG9+AG10+AG11+AG12+AG13+AG14+AG15+AG16+AG17+AG18+AG19+AG20+AG21+AG22+AG23+AG24+AG25+AG26+AG27+AG28+AG29+AG30+AG31+AG32+AG33+AG34+AG35+AG36+AG37+AG38+AG39 | AH40: =AH5+AH10+AH15+AH20+AH25+AH30+AH35 | AI40: =AI5+AI10+AI15+AI20+AI25+AI30+AI35 | AJ40: =AJ5+AJ10+AJ15+AJ20+AJ25+AJ30+AJ35 | AK40: =AK5+AK10+AK15+AK20+AK25+AK30+AK35 | AL40: =AL5+AL10+AL15+AL20+AL25+AL30+AL35 | AM40: =AM5+AM10+AM15+AM20+AM25+AM30+AM35 | AN40: =AN5+AN10+AN15+AN20+AN25+AN30+AN35

Sheet 22
A1: Лист для ежедневной регистрации грязного белья и постельных принадлежностей (в кг)
A2: Дата | B2: Вид стирки | C2: Количество | D2: Общее время | E2: EMULSIFIER | F2: ALKALINE | G2: BLEACH | H2: SOFTENER | I2: NEUTRLIZER | J2: Вес | AH2: Всего Вес | AI2: Ваниш | AK2: Ленор | AM2: Порошок
J3: 1 | L3: 2 | N3: 3 | P3: 4 | R3: 5 | T3: 6 | V3: 7 | X3: 8 | Z3: 9 | AB3: 10 | AD3: 11 | AF3: 12
J4: день | K4: ночь | L4: день | M4: ночь | N4: день | O4: ночь | P4: день | Q4: ночь | R4: день | S4: ночь | T4: день | U4: ночь | V4: день | W4: ночь | X4: день | Y4: ночь | Z4: день | AA4: ночь | AB4: день | AC4: ночь | AD4: день | AE4: ночь | AF4: день | AG4: ночь | AI4: Кол-во | AJ4: Общее | AK4: Кол-во | AL4: Общее | AM4: Кол-во | AN4: Общее
B5: Постель белая | C5: =COUNT(J5:AG9) | D5: =C5*57 | E5: =C5*55*3 | F5: =C5*55*8 | G5: =C5*55*6 | H5: =C5*55*4 | I5: =C5*55*1 | AH5: =SUM(J5:AG9) | AJ5: =AI5*5 | AL5: =AK5*50 | AN5: =AM5*175
B10: Махра белая | C10: =COUNT(J10:AG14) | D10: =C10*51 | E10: =C10*55*3 | F10: =C10*55*8 | G10: =C10*55*6 | H10: =C10*55*5 | I10: =C10*55*1 | AH10: =SUM(J10:AG14) | AJ10: =AI10*5 | AL10: =AK10*50 | AN10: =AM10*175
B15: Униформа белая | C15: =COUNT(J15:AG19) | D15: =C15*55 | E15: =C15*55*3 | F15: =C15*55*8 | G15: =C15*55*5 | H15: =C15*55*3 | I15: =C15*55*1 | AH15: =SUM(J15:AG19) | AJ15: =AI15*5 | AL15: =AK15*50 | AN15: =AM15*175
B20: Униформа темная | C20: =COUNT(J20:AG24) | D20: =C20*45 | E20: =C20*55*2 | F20: =C20*55*6 | G20: =C20*55*0 | H20: =C20*55*3 | I20: =C20*55*1 | AH20: =SUM(J20:AG24) | AJ20: =AI20*5 | AL20: =AK20*50 | AN20: =AM20*175
B25: Синтетика | C25: =COUNT(J25:AG29) | D25: =C25*38 | E25: =C25*55*3 | F25: =C25*55*5 | G25: =C25*55*0 | H25: =C25*55*3 | I25: =C25*55*1 | AH25: =SUM(J25:AG29) | AJ25: =AI25*5 | AL25: =AK25*50 | AN25: =AM25*175
B30: Деликатная | C30: =COUNT(J30:AG34) | D30: =C30*50 | E30: =C30*55*2 | F30: =C30*55*4 | G30: =C30*55*0 | H30: =C30*55*3 | I30: =C30*55*1 | AH30: =SUM(J30:AG34) | AJ30: =AI30*5 | AL30: =AK30*50 | AN30: =AM30*175
B35: Спецодежда | C35: =COUNT(J35:AG39) | D35: =C35*42 | E35: =C35*55*3 | F35: =C35*55*10 | G35: =C35*55*0 | H35: =C35*55*3 | I35: =C35*55*1 | AH35: =SUM(J35:AG39) | AJ35: =AI35*5 | AL35: =AK35*50 | AN35: =AM35*175
A40: ИТОГО | C40: =C5+C10+C15+C20+C25+C30+C35 | D40: =D5+D10+D15+D20+D25+D30+D35 | E40: =E5+E10+E15+E20+E25+E30+E35 | F40: =F5+F10+F15+F20+F25+F30+F35 | G40: =G5+G10+G15+G20+G25+G30+G35 | H40: =H5+H10+H15+H20+H25+H30+H35 | I40: =I5+I10+I15+I20+I25+I30+I35 | J40: =J5+J6+J7+J8+J9+J10+J11+J12+J13+J14+J15+J16+J17+J18+J19+J20+J21+J22+J23+J24+J25+J26+J27+J28+J29+J30+J31+J32+J33+J34+J35+J36+J37+J38+J39 | K40: =K5+K6+K7+K8+K9+K10+K11+K12+K13+K14+K15+K16+K17+K18+K19+K20+K21+K22+K23+K24+K25+K26+K27+K28+K29+K30+K31+K32+K33+K34+K35+K36+K37+K38+K39 | L40: =L5+L6+L7+L8+L9+L10+L11+L12+L13+L14+L15+L16+L17+L18+L19+L20+L21+L22+L23+L24+L25+L26+L27+L28+L29+L30+L31+L32+L33+L34+L35+L36+L37+L38+L39 | M40: =M5+M6+M7+M8+M9+M10+M11+M12+M13+M14+M15+M16+M17+M18+M19+M20+M21+M22+M23+M24+M25+M26+M27+M28+M29+M30+M31+M32+M33+M34+M35+M36+M37+M38+M39 | N40: =N5+N6+N7+N8+N9+N10+N11+N12+N13+N14+N15+N16+N17+N18+N19+N20+N21+N22+N23+N24+N25+N26+N27+N28+N29+N30+N31+N32+N33+N34+N35+N36+N37+N38+N39 | O40: =O5+O6+O7+O8+O9+O10+O11+O12+O13+O14+O15+O16+O17+O18+O19+O20+O21+O22+O23+O24+O25+O26+O27+O28+O29+O30+O31+O32+O33+O34+O35+O36+O37+O38+O39 | P40: =P5+P6+P7+P8+P9+P10+P11+P12+P13+P14+P15+P16+P17+P18+P19+P20+P21+P22+P23+P24+P25+P26+P27+P28+P29+P30+P31+P32+P33+P34+P35+P36+P37+P38+P39 | Q40: =Q5+Q6+Q7+Q8+Q9+Q10+Q11+Q12+Q13+Q14+Q15+Q16+Q17+Q18+Q19+Q20+Q21+Q22+Q23+Q24+Q25+Q26+Q27+Q28+Q29+Q30+Q31+Q32+Q33+Q34+Q35+Q36+Q37+Q38+Q39 | ... AG40: =AG5+AG6+AG7+AG8+AG9+AG10+AG11+AG12+AG13+AG14+AG15+AG16+AG17+AG18+AG19+AG20+AG21+AG22+AG23+AG24+AG25+AG26+AG27+AG28+AG29+AG30+AG31+AG32+AG33+AG34+AG35+AG36+AG37+AG38+AG39 | AH40: =AH5+AH10+AH15+AH20+AH25+AH30+AH35 | AI40: =AI5+AI10+AI15+AI20+AI25+AI30+AI35 | AJ40: =AJ5+AJ10+AJ15+AJ20+AJ25+AJ30+AJ35 | AK40: =AK5+AK10+AK15+AK20+AK25+AK30+AK35 | AL40: =AL5+AL10+AL15+AL20+AL25+AL30+AL35 | AM40: =AM5+AM10+AM15+AM20+AM25+AM30+AM35 | AN40: =AN5+AN10+AN15+AN20+AN25+AN30+AN35

Sheet 23
A1: Лист для ежедневной регистрации грязного белья и постельных принадлежностей (в кг)
A2: Дата | B2: Вид стирки | C2: Количество | D2: Общее время | E2: EMULSIFIER | F2: ALKALINE | G2: BLEACH | H2: SOFTENER | I2: NEUTRLIZER | J2: Вес | AH2: Всего Вес | AI2: Ваниш | AK2: Ленор | AM2: Порошок
J3: 1 | L3: 2 | N3: 3 | P3: 4 | R3: 5 | T3: 6 | V3: 7 | X3: 8 | Z3: 9 | AB3: 10 | AD3: 11 | AF3: 12
J4: день | K4: ночь | L4: день | M4: ночь | N4: день | O4: ночь | P4: день | Q4: ночь | R4: день | S4: ночь | T4: день | U4: ночь | V4: день | W4: ночь | X4: день | Y4: ночь | Z4: день | AA4: ночь | AB4: день | AC4: ночь | AD4: день | AE4: ночь | AF4: день | AG4: ночь | AI4: Кол-во | AJ4: Общее | AK4: Кол-во | AL4: Общее | AM4: Кол-во | AN4: Общее
B5: Постель белая | C5: =COUNT(J5:AG9) | D5: =C5*57 | E5: =C5*55*3 | F5: =C5*55*8 | G5: =C5*55*6 | H5: =C5*55*4 | I5: =C5*55*1 | AH5: =SUM(J5:AG9) | AJ5: =AI5*5 | AL5: =AK5*50 | AN5: =AM5*175
B10: Махра белая | C10: =COUNT(J10:AG14) | D10: =C10*51 | E10: =C10*55*3 | F10: =C10*55*8 | G10: =C10*55*6 | H10: =C10*55*5 | I10: =C10*55*1 | AH10: =SUM(J10:AG14) | AJ10: =AI10*5 | AL10: =AK10*50 | AN10: =AM10*175
B15: Униформа белая | C15: =COUNT(J15:AG19) | D15: =C15*55 | E15: =C15*55*3 | F15: =C15*55*8 | G15: =C15*55*5 | H15: =C15*55*3 | I15: =C15*55*1 | AH15: =SUM(J15:AG19) | AJ15: =AI15*5 | AL15: =AK15*50 | AN15: =AM15*175
B20: Униформа темная | C20: =COUNT(J20:AG24) | D20: =C20*45 | E20: =C20*55*2 | F20: =C20*55*6 | G20: =C20*55*0 | H20: =C20*55*3 | I20: =C20*55*1 | AH20: =SUM(J20:AG24) | AJ20: =AI20*5 | AL20: =AK20*50 | AN20: =AM20*175
B25: Синтетика | C25: =COUNT(J25:AG29) | D25: =C25*38 | E25: =C25*55*3 | F25: =C25*55*5 | G25: =C25*55*0 | H25: =C25*55*3 | I25: =C25*55*1 | AH25: =SUM(J25:AG29) | AJ25: =AI25*5 | AL25: =AK25*50 | AN25: =AM25*175
B30: Деликатная | C30: =COUNT(J30:AG34) | D30: =C30*50 | E30: =C30*55*2 | F30: =C30*55*4 | G30: =C30*55*0 | H30: =C30*55*3 | I30: =C30*55*1 | AH30: =SUM(J30:AG34) | AJ30: =AI30*5 | AL30: =AK30*50 | AN30: =AM30*175
B35: Спецодежда | C35: =COUNT(J35:AG39) | D35: =C35*42 | E35: =C35*55*3 | F35: =C35*55*10 | G35: =C35*55*0 | H35: =C35*55*3 | I35: =C35*55*1 | AH35: =SUM(J35:AG39) | AJ35: =AI35*5 | AL35: =AK35*50 | AN35: =AM35*175
A40: ИТОГО | C40: =C5+C10+C15+C20+C25+C30+C35 | D40: =D5+D10+D15+D20+D25+D30+D35 | E40: =E5+E10+E15+E20+E25+E30+E35 | F40: =F5+F10+F15+F20+F25+F30+F35 | G40: =G5+G10+G15+G20+G25+G30+G35 | H40: =H5+H10+H15+H20+H25+H30+H35 | I40: =I5+I10+I15+I20+I25+I30+I35 | J40: =J5+J6+J7+J8+J9+J10+J11+J12+J13+J14+J15+J16+J17+J18+J19+J20+J21+J22+J23+J24+J25+J26+J27+J28+J29+J30+J31+J32+J33+J34+J35+J36+J37+J38+J39 | K40: =K5+K6+K7+K8+K9+K10+K11+K12+K13+K14+K15+K16+K17+K18+K19+K20+K21+K22+K23+K24+K25+K26+K27+K28+K29+K30+K31+K32+K33+K34+K35+K36+K37+K38+K39 | L40: =L5+L6+L7+L8+L9+L10+L11+L12+L13+L14+L15+L16+L17+L18+L19+L20+L21+L22+L23+L24+L25+L26+L27+L28+L29+L30+L31+L32+L33+L34+L35+L36+L37+L38+L39 | M40: =M5+M6+M7+M8+M9+M10+M11+M12+M13+M14+M15+M16+M17+M18+M19+M20+M21+M22+M23+M24+M25+M26+M27+M28+M29+M30+M31+M32+M33+M34+M35+M36+M37+M38+M39 | N40: =N5+N6+N7+N8+N9+N10+N11+N12+N13+N14+N15+N16+N17+N18+N19+N20+N21+N22+N23+N24+N25+N26+N27+N28+N29+N30+N31+N32+N33+N34+N35+N36+N37+N38+N39 | O40: =O5+O6+O7+O8+O9+O10+O11+O12+O13+O14+O15+O16+O17+O18+O19+O20+O21+O22+O23+O24+O25+O26+O27+O28+O29+O30+O31+O32+O33+O34+O35+O36+O37+O38+O39 | P40: =P5+P6+P7+P8+P9+P10+P11+P12+P13+P14+P15+P16+P17+P18+P19+P20+P21+P22+P23+P24+P25+P26+P27+P28+P29+P30+P31+P32+P33+P34+P35+P36+P37+P38+P39 | Q40: =Q5+Q6+Q7+Q8+Q9+Q10+Q11+Q12+Q13+Q14+Q15+Q16+Q17+Q18+Q19+Q20+Q21+Q22+Q23+Q24+Q25+Q26+Q27+Q28+Q29+Q30+Q31+Q32+Q33+Q34+Q35+Q36+Q37+Q38+Q39 | ... AG40: =AG5+AG6+AG7+AG8+AG9+AG10+AG11+AG12+AG13+AG14+AG15+AG16+AG17+AG18+AG19+AG20+AG21+AG22+AG23+AG24+AG25+AG26+AG27+AG28+AG29+AG30+AG31+AG32+AG33+AG34+AG35+AG36+AG37+AG38+AG39 | AH40: =AH5+AH10+AH15+AH20+AH25+AH30+AH35 | AI40: =AI5+AI10+AI15+AI20+AI25+AI30+AI35 | AJ40: =AJ5+AJ10+AJ15+AJ20+AJ25+AJ30+AJ35 | AK40: =AK5+AK10+AK15+AK20+AK25+AK30+AK35 | AL40: =AL5+AL10+AL15+AL20+AL25+AL30+AL35 | AM40: =AM5+AM10+AM15+AM20+AM25+AM30+AM35 | AN40: =AN5+AN10+AN15+AN20+AN25+AN30+AN35

Sheet 24
A1: Лист для ежедневной регистрации грязного белья и постельных принадлежностей (в кг)
A2: Дата | B2: Вид стирки | C2: Количество | D2: Общее время | E2: EMULSIFIER | F2: ALKALINE | G2: BLEACH | H2: SOFTENER | I2: NEUTRLIZER | J2: Вес | AH2: Всего Вес | AI2: Ваниш | AK2: Ленор | AM2: Порошок
J3: 1 | L3: 2 | N3: 3 | P3: 4 | R3: 5 | T3: 6 | V3: 7 | X3: 8 | Z3: 9 | AB3: 10 | AD3: 11 | AF3: 12
J4: день | K4: ночь | L4: день | M4: ночь | N4: день | O4: ночь | P4: день | Q4: ночь | R4: день | S4: ночь | T4: день | U4: ночь | V4: день | W4: ночь | X4: день | Y4: ночь | Z4: день | AA4: ночь | AB4: день | AC4: ночь | AD4: день | AE4: ночь | AF4: день | AG4: ночь | AI4: Кол-во | AJ4: Общее | AK4: Кол-во | AL4: Общее | AM4: Кол-во | AN4: Общее
B5: Постель белая | C5: =COUNT(J5:AG9) | D5: =C5*57 | E5: =C5*55*3 | F5: =C5*55*8 | G5: =C5*55*6 | H5: =C5*55*4 | I5: =C5*55*1 | AH5: =SUM(J5:AG9) | AJ5: =AI5*5 | AL5: =AK5*50 | AN5: =AM5*175
B10: Махра белая | C10: =COUNT(J10:AG14) | D10: =C10*51 | E10: =C10*55*3 | F10: =C10*55*8 | G10: =C10*55*6 | H10: =C10*55*5 | I10: =C10*55*1 | AH10: =SUM(J10:AG14) | AJ10: =AI10*5 | AL10: =AK10*50 | AN10: =AM10*175
B15: Униформа белая | C15: =COUNT(J15:AG19) | D15: =C15*55 | E15: =C15*55*3 | F15: =C15*55*8 | G15: =C15*55*5 | H15: =C15*55*3 | I15: =C15*55*1 | AH15: =SUM(J15:AG19) | AJ15: =AI15*5 | AL15: =AK15*50 | AN15: =AM15*175
B20: Униформа темная | C20: =COUNT(J20:AG24) | D20: =C20*45 | E20: =C20*55*2 | F20: =C20*55*6 | G20: =C20*55*0 | H20: =C20*55*3 | I20: =C20*55*1 | AH20: =SUM(J20:AG24) | AJ20: =AI20*5 | AL20: =AK20*50 | AN20: =AM20*175
B25: Синтетика | C25: =COUNT(J25:AG29) | D25: =C25*38 | E25: =C25*55*3 | F25: =C25*55*5 | G25: =C25*55*0 | H25: =C25*55*3 | I25: =C25*55*1 | AH25: =SUM(J25:AG29) | AJ25: =AI25*5 | AL25: =AK25*50 | AN25: =AM25*175
B30: Деликатная | C30: =COUNT(J30:AG34) | D30: =C30*50 | E30: =C30*55*2 | F30: =C30*55*4 | G30: =C30*55*0 | H30: =C30*55*3 | I30: =C30*55*1 | AH30: =SUM(J30:AG34) | AJ30: =AI30*5 | AL30: =AK30*50 | AN30: =AM30*175
B35: Спецодежда | C35: =COUNT(J35:AG39) | D35: =C35*42 | E35: =C35*55*3 | F35: =C35*55*10 | G35: =C35*55*0 | H35: =C35*55*3 | I35: =C35*55*1 | AH35: =SUM(J35:AG39) | AJ35: =AI35*5 | AL35: =AK35*50 | AN35: =AM35*175
A40: ИТОГО | C40: =C5+C10+C15+C20+C25+C30+C35 | D40: =D5+D10+D15+D20+D25+D30+D35 | E40: =E5+E10+E15+E20+E25+E30+E35 | F40: =F5+F10+F15+F20+F25+F30+F35 | G40: =G5+G10+G15+G20+G25+G30+G35 | H40: =H5+H10+H15+H20+H25+H30+H35 | I40: =I5+I10+I15+I20+I25+I30+I35 | J40: =J5+J6+J7+J8+J9+J10+J11+J12+J13+J14+J15+J16+J17+J18+J19+J20+J21+J22+J23+J24+J25+J26+J27+J28+J29+J30+J31+J32+J33+J34+J35+J36+J37+J38+J39 | K40: =K5+K6+K7+K8+K9+K10+K11+K12+K13+K14+K15+K16+K17+K18+K19+K20+K21+K22+K23+K24+K25+K26+K27+K28+K29+K30+K31+K32+K33+K34+K35+K36+K37+K38+K39 | L40: =L5+L6+L7+L8+L9+L10+L11+L12+L13+L14+L15+L16+L17+L18+L19+L20+L21+L22+L23+L24+L25+L26+L27+L28+L29+L30+L31+L32+L33+L34+L35+L36+L37+L38+L39 | M40: =M5+M6+M7+M8+M9+M10+M11+M12+M13+M14+M15+M16+M17+M18+M19+M20+M21+M22+M23+M24+M25+M26+M27+M28+M29+M30+M31+M32+M33+M34+M35+M36+M37+M38+M39 | N40: =N5+N6+N7+N8+N9+N10+N11+N12+N13+N14+N15+N16+N17+N18+N19+N20+N21+N22+N23+N24+N25+N26+N27+N28+N29+N30+N31+N32+N33+N34+N35+N36+N37+N38+N39 | O40: =O5+O6+O7+O8+O9+O10+O11+O12+O13+O14+O15+O16+O17+O18+O19+O20+O21+O22+O23+O24+O25+O26+O27+O28+O29+O30+O31+O32+O33+O34+O35+O36+O37+O38+O39 | P40: =P5+P6+P7+P8+P9+P10+P11+P12+P13+P14+P15+P16+P17+P18+P19+P20+P21+P22+P23+P24+P25+P26+P27+P28+P29+P30+P31+P32+P33+P34+P35+P36+P37+P38+P39 | Q40: =Q5+Q6+Q7+Q8+Q9+Q10+Q11+Q12+Q13+Q14+Q15+Q16+Q17+Q18+Q19+Q20+Q21+Q22+Q23+Q24+Q25+Q26+Q27+Q28+Q29+Q30+Q31+Q32+Q33+Q34+Q35+Q36+Q37+Q38+Q39 | ... AG40: =AG5+AG6+AG7+AG8+AG9+AG10+AG11+AG12+AG13+AG14+AG15+AG16+AG17+AG18+AG19+AG20+AG21+AG22+AG23+AG24+AG25+AG26+AG27+AG28+AG29+AG30+AG31+AG32+AG33+AG34+AG35+AG36+AG37+AG38+AG39 | AH40: =AH5+AH10+AH15+AH20+AH25+AH30+AH35 | AI40: =AI5+AI10+AI15+AI20+AI25+AI30+AI35 | AJ40: =AJ5+AJ10+AJ15+AJ20+AJ25+AJ30+AJ35 | AK40: =AK5+AK10+AK15+AK20+AK25+AK30+AK35 | AL40: =AL5+AL10+AL15+AL20+AL25+AL30+AL35 | AM40: =AM5+AM10+AM15+AM20+AM25+AM30+AM35 | AN40: =AN5+AN10+AN15+AN20+AN25+AN30+AN35

Sheet 25
A1: Лист для ежедневной регистрации грязного белья и постельных принадлежностей (в кг)
A2: Дата | B2: Вид стирки | C2: Количество | D2: Общее время | E2: EMULSIFIER | F2: ALKALINE | G2: BLEACH | H2: SOFTENER | I2: NEUTRLIZER | J2: Вес | AH2: Всего Вес | AI2: Ваниш | AK2: Ленор | AM2: Порошок
J3: 1 | L3: 2 | N3: 3 | P3: 4 | R3: 5 | T3: 6 | V3: 7 | X3: 8 | Z3: 9 | AB3: 10 | AD3: 11 | AF3: 12
J4: день | K4: ночь | L4: день | M4: ночь | N4: день | O4: ночь | P4: день | Q4: ночь | R4: день | S4: ночь | T4: день | U4: ночь | V4: день | W4: ночь | X4: день | Y4: ночь | Z4: день | AA4: ночь | AB4: день | AC4: ночь | AD4: день | AE4: ночь | AF4: день | AG4: ночь | AI4: Кол-во | AJ4: Общее | AK4: Кол-во | AL4: Общее | AM4: Кол-во | AN4: Общее
B5: Постель белая | C5: =COUNT(J5:AG9) | D5: =C5*57 | E5: =C5*55*3 | F5: =C5*55*8 | G5: =C5*55*6 | H5: =C5*55*4 | I5: =C5*55*1 | AH5: =SUM(J5:AG9) | AJ5: =AI5*5 | AL5: =AK5*50 | AN5: =AM5*175
B10: Махра белая | C10: =COUNT(J10:AG14) | D10: =C10*51 | E10: =C10*55*3 | F10: =C10*55*8 | G10: =C10*55*6 | H10: =C10*55*5 | I10: =C10*55*1 | AH10: =SUM(J10:AG14) | AJ10: =AI10*5 | AL10: =AK10*50 | AN10: =AM10*175
B15: Униформа белая | C15: =COUNT(J15:AG19) | D15: =C15*55 | E15: =C15*55*3 | F15: =C15*55*8 | G15: =C15*55*5 | H15: =C15*55*3 | I15: =C15*55*1 | AH15: =SUM(J15:AG19) | AJ15: =AI15*5 | AL15: =AK15*50 | AN15: =AM15*175
B20: Униформа темная | C20: =COUNT(J20:AG24) | D20: =C20*45 | E20: =C20*55*2 | F20: =C20*55*6 | G20: =C20*55*0 | H20: =C20*55*3 | I20: =C20*55*1 | AH20: =SUM(J20:AG24) | AJ20: =AI20*5 | AL20: =AK20*50 | AN20: =AM20*175
B25: Синтетика | C25: =COUNT(J25:AG29) | D25: =C25*38 | E25: =C25*55*3 | F25: =C25*55*5 | G25: =C25*55*0 | H25: =C25*55*3 | I25: =C25*55*1 | AH25: =SUM(J25:AG29) | AJ25: =AI25*5 | AL25: =AK25*50 | AN25: =AM25*175
B30: Деликатная | C30: =COUNT(J30:AG34) | D30: =C30*50 | E30: =C30*55*2 | F30: =C30*55*4 | G30: =C30*55*0 | H30: =C30*55*3 | I30: =C30*55*1 | AH30: =SUM(J30:AG34) | AJ30: =AI30*5 | AL30: =AK30*50 | AN30: =AM30*175
B35: Спецодежда | C35: =COUNT(J35:AG39) | D35: =C35*42 | E35: =C35*55*3 | F35: =C35*55*10 | G35: =C35*55*0 | H35: =C35*55*3 | I35: =C35*55*1 | AH35: =SUM(J35:AG39) | AJ35: =AI35*5 | AL35: =AK35*50 | AN35: =AM35*175
A40: ИТОГО | C40: =C5+C10+C15+C20+C25+C30+C35 | D40: =D5+D10+D15+D20+D25+D30+D35 | E40: =E5+E10+E15+E20+E25+E30+E35 | F40: =F5+F10+F15+F20+F25+F30+F35 | G40: =G5+G10+G15+G20+G25+G30+G35 | H40: =H5+H10+H15+H20+H25+H30+H35 | I40: =I5+I10+I15+I20+I25+I30+I35 | J40: =J5+J6+J7+J8+J9+J10+J11+J12+J13+J14+J15+J16+J17+J18+J19+J20+J21+J22+J23+J24+J25+J26+J27+J28+J29+J30+J31+J32+J33+J34+J35+J36+J37+J38+J39 | K40: =K5+K6+K7+K8+K9+K10+K11+K12+K13+K14+K15+K16+K17+K18+K19+K20+K21+K22+K23+K24+K25+K26+K27+K28+K29+K30+K31+K32+K33+K34+K35+K36+K37+K38+K39 | L40: =L5+L6+L7+L8+L9+L10+L11+L12+L13+L14+L15+L16+L17+L18+L19+L20+L21+L22+L23+L24+L25+L26+L27+L28+L29+L30+L31+L32+L33+L34+L35+L36+L37+L38+L39 | M40: =M5+M6+M7+M8+M9+M10+M11+M12+M13+M14+M15+M16+M17+M18+M19+M20+M21+M22+M23+M24+M25+M26+M27+M28+M29+M30+M31+M32+M33+M34+M35+M36+M37+M38+M39 | N40: =N5+N6+N7+N8+N9+N10+N11+N12+N13+N14+N15+N16+N17+N18+N19+N20+N21+N22+N23+N24+N25+N26+N27+N28+N29+N30+N31+N32+N33+N34+N35+N36+N37+N38+N39 | O40: =O5+O6+O7+O8+O9+O10+O11+O12+O13+O14+O15+O16+O17+O18+O19+O20+O21+O22+O23+O24+O25+O26+O27+O28+O29+O30+O31+O32+O33+O34+O35+O36+O37+O38+O39 | P40: =P5+P6+P7+P8+P9+P10+P11+P12+P13+P14+P15+P16+P17+P18+P19+P20+P21+P22+P23+P24+P25+P26+P27+P28+P29+P30+P31+P32+P33+P34+P35+P36+P37+P38+P39 | Q40: =Q5+Q6+Q7+Q8+Q9+Q10+Q11+Q12+Q13+Q14+Q15+Q16+Q17+Q18+Q19+Q20+Q21+Q22+Q23+Q24+Q25+Q26+Q27+Q28+Q29+Q30+Q31+Q32+Q33+Q34+Q35+Q36+Q37+Q38+Q39 | ... AG40: =AG5+AG6+AG7+AG8+AG9+AG10+AG11+AG12+AG13+AG14+AG15+AG16+AG17+AG18+AG19+AG20+AG21+AG22+AG23+AG24+AG25+AG26+AG27+AG28+AG29+AG30+AG31+AG32+AG33+AG34+AG35+AG36+AG37+AG38+AG39 | AH40: =AH5+AH10+AH15+AH20+AH25+AH30+AH35 | AI40: =AI5+AI10+AI15+AI20+AI25+AI30+AI35 | AJ40: =AJ5+AJ10+AJ15+AJ20+AJ25+AJ30+AJ35 | AK40: =AK5+AK10+AK15+AK20+AK25+AK30+AK35 | AL40: =AL5+AL10+AL15+AL20+AL25+AL30+AL35 | AM40: =AM5+AM10+AM15+AM20+AM25+AM30+AM35 | AN40: =AN5+AN10+AN15+AN20+AN25+AN30+AN35

Sheet 26
A1: Лист для ежедневной регистрации грязного белья и постельных принадлежностей (в кг)
A2: Дата | B2: Вид стирки | C2: Количество | D2: Общее время | E2: EMULSIFIER | F2: ALKALINE | G2: BLEACH | H2: SOFTENER | I2: NEUTRLIZER | J2: Вес | AH2: Всего Вес | AI2: Ваниш | AK2: Ленор | AM2: Порошок
J3: 1 | L3: 2 | N3: 3 | P3: 4 | R3: 5 | T3: 6 | V3: 7 | X3: 8 | Z3: 9 | AB3: 10 | AD3: 11 | AF3: 12
J4: день | K4: ночь | L4: день | M4: ночь | N4: день | O4: ночь | P4: день | Q4: ночь | R4: день | S4: ночь | T4: день | U4: ночь | V4: день | W4: ночь | X4: день | Y4: ночь | Z4: день | AA4: ночь | AB4: день | AC4: ночь | AD4: день | AE4: ночь | AF4: день | AG4: ночь | AI4: Кол-во | AJ4: Общее | AK4: Кол-во | AL4: Общее | AM4: Кол-во | AN4: Общее
B5: Постель белая | C5: =COUNT(J5:AG9) | D5: =C5*57 | E5: =C5*55*3 | F5: =C5*55*8 | G5: =C5*55*6 | H5: =C5*55*4 | I5: =C5*55*1 | AH5: =SUM(J5:AG9) | AJ5: =AI5*5 | AL5: =AK5*50 | AN5: =AM5*175
B10: Махра белая | C10: =COUNT(J10:AG14) | D10: =C10*51 | E10: =C10*55*3 | F10: =C10*55*8 | G10: =C10*55*6 | H10: =C10*55*5 | I10: =C10*55*1 | AH10: =SUM(J10:AG14) | AJ10: =AI10*5 | AL10: =AK10*50 | AN10: =AM10*175
B15: Униформа белая | C15: =COUNT(J15:AG19) | D15: =C15*55 | E15: =C15*55*3 | F15: =C15*55*8 | G15: =C15*55*5 | H15: =C15*55*3 | I15: =C15*55*1 | AH15: =SUM(J15:AG19) | AJ15: =AI15*5 | AL15: =AK15*50 | AN15: =AM15*175
B20: Униформа темная | C20: =COUNT(J20:AG24) | D20: =C20*45 | E20: =C20*55*2 | F20: =C20*55*6 | G20: =C20*55*0 | H20: =C20*55*3 | I20: =C20*55*1 | AH20: =SUM(J20:AG24) | AJ20: =AI20*5 | AL20: =AK20*50 | AN20: =AM20*175
B25: Синтетика | C25: =COUNT(J25:AG29) | D25: =C25*38 | E25: =C25*55*3 | F25: =C25*55*5 | G25: =C25*55*0 | H25: =C25*55*3 | I25: =C25*55*1 | AH25: =SUM(J25:AG29) | AJ25: =AI25*5 | AL25: =AK25*50 | AN25: =AM25*175
B30: Деликатная | C30: =COUNT(J30:AG34) | D30: =C30*50 | E30: =C30*55*2 | F30: =C30*55*4 | G30: =C30*55*0 | H30: =C30*55*3 | I30: =C30*55*1 | AH30: =SUM(J30:AG34) | AJ30: =AI30*5 | AL30: =AK30*50 | AN30: =AM30*175
B35: Спецодежда | C35: =COUNT(J35:AG39) | D35: =C35*42 | E35: =C35*55*3 | F35: =C35*55*10 | G35: =C35*55*0 | H35: =C35*55*3 | I35: =C35*55*1 | AH35: =SUM(J35:AG39) | AJ35: =AI35*5 | AL35: =AK35*50 | AN35: =AM35*175
A40: ИТОГО | C40: =C5+C10+C15+C20+C25+C30+C35 | D40: =D5+D10+D15+D20+D25+D30+D35 | E40: =E5+E10+E15+E20+E25+E30+E35 | F40: =F5+F10+F15+F20+F25+F30+F35 | G40: =G5+G10+G15+G20+G25+G30+G35 | H40: =H5+H10+H15+H20+H25+H30+H35 | I40: =I5+I10+I15+I20+I25+I30+I35 | J40: =J5+J6+J7+J8+J9+J10+J11+J12+J13+J14+J15+J16+J17+J18+J19+J20+J21+J22+J23+J24+J25+J26+J27+J28+J29+J30+J31+J32+J33+J34+J35+J36+J37+J38+J39 | K40: =K5+K6+K7+K8+K9+K10+K11+K12+K13+K14+K15+K16+K17+K18+K19+K20+K21+K22+K23+K24+K25+K26+K27+K28+K29+K30+K31+K32+K33+K34+K35+K36+K37+K38+K39 | L40: =L5+L6+L7+L8+L9+L10+L11+L12+L13+L14+L15+L16+L17+L18+L19+L20+L21+L22+L23+L24+L25+L26+L27+L28+L29+L30+L31+L32+L33+L34+L35+L36+L37+L38+L39 | M40: =M5+M6+M7+M8+M9+M10+M11+M12+M13+M14+M15+M16+M17+M18+M19+M20+M21+M22+M23+M24+M25+M26+M27+M28+M29+M30+M31+M32+M33+M34+M35+M36+M37+M38+M39 | N40: =N5+N6+N7+N8+N9+N10+N11+N12+N13+N14+N15+N16+N17+N18+N19+N20+N21+N22+N23+N24+N25+N26+N27+N28+N29+N30+N31+N32+N33+N34+N35+N36+N37+N38+N39 | O40: =O5+O6+O7+O8+O9+O10+O11+O12+O13+O14+O15+O16+O17+O18+O19+O20+O21+O22+O23+O24+O25+O26+O27+O28+O29+O30+O31+O32+O33+O34+O35+O36+O37+O38+O39 | P40: =P5+P6+P7+P8+P9+P10+P11+P12+P13+P14+P15+P16+P17+P18+P19+P20+P21+P22+P23+P24+P25+P26+P27+P28+P29+P30+P31+P32+P33+P34+P35+P36+P37+P38+P39 | Q40: =Q5+Q6+Q7+Q8+Q9+Q10+Q11+Q12+Q13+Q14+Q15+Q16+Q17+Q18+Q19+Q20+Q21+Q22+Q23+Q24+Q25+Q26+Q27+Q28+Q29+Q30+Q31+Q32+Q33+Q34+Q35+Q36+Q37+Q38+Q39 | ... AG40: =AG5+AG6+AG7+AG8+AG9+AG10+AG11+AG12+AG13+AG14+AG15+AG16+AG17+AG18+AG19+AG20+AG21+AG22+AG23+AG24+AG25+AG26+AG27+AG28+AG29+AG30+AG31+AG32+AG33+AG34+AG35+AG36+AG37+AG38+AG39 | AH40: =AH5+AH10+AH15+AH20+AH25+AH30+AH35 | AI40: =AI5+AI10+AI15+AI20+AI25+AI30+AI35 | AJ40: =AJ5+AJ10+AJ15+AJ20+AJ25+AJ30+AJ35 | AK40: =AK5+AK10+AK15+AK20+AK25+AK30+AK35 | AL40: =AL5+AL10+AL15+AL20+AL25+AL30+AL35 | AM40: =AM5+AM10+AM15+AM20+AM25+AM30+AM35 | AN40: =AN5+AN10+AN15+AN20+AN25+AN30+AN35

Sheet 27
A1: Лист для ежедневной регистрации грязного белья и постельных принадлежностей (в кг)
A2: Дата | B2: Вид стирки | C2: Количество | D2: Общее время | E2: EMULSIFIER | F2: ALKALINE | G2: BLEACH | H2: SOFTENER | I2: NEUTRLIZER | J2: Вес | AH2: Всего Вес | AI2: Ваниш | AK2: Ленор | AM2: Порошок
J3: 1 | L3: 2 | N3: 3 | P3: 4 | R3: 5 | T3: 6 | V3: 7 | X3: 8 | Z3: 9 | AB3: 10 | AD3: 11 | AF3: 12
J4: день | K4: ночь | L4: день | M4: ночь | N4: день | O4: ночь | P4: день | Q4: ночь | R4: день | S4: ночь | T4: день | U4: ночь | V4: день | W4: ночь | X4: день | Y4: ночь | Z4: день | AA4: ночь | AB4: день | AC4: ночь | AD4: день | AE4: ночь | AF4: день | AG4: ночь | AI4: Кол-во | AJ4: Общее | AK4: Кол-во | AL4: Общее | AM4: Кол-во | AN4: Общее
B5: Постель белая | C5: =COUNT(J5:AG9) | D5: =C5*57 | E5: =C5*55*3 | F5: =C5*55*8 | G5: =C5*55*6 | H5: =C5*55*4 | I5: =C5*55*1 | AH5: =SUM(J5:AG9) | AJ5: =AI5*5 | AL5: =AK5*50 | AN5: =AM5*175
B10: Махра белая | C10: =COUNT(J10:AG14) | D10: =C10*51 | E10: =C10*55*3 | F10: =C10*55*8 | G10: =C10*55*6 | H10: =C10*55*5 | I10: =C10*55*1 | AH10: =SUM(J10:AG14) | AJ10: =AI10*5 | AL10: =AK10*50 | AN10: =AM10*175
B15: Униформа белая | C15: =COUNT(J15:AG19) | D15: =C15*55 | E15: =C15*55*3 | F15: =C15*55*8 | G15: =C15*55*5 | H15: =C15*55*3 | I15: =C15*55*1 | AH15: =SUM(J15:AG19) | AJ15: =AI15*5 | AL15: =AK15*50 | AN15: =AM15*175
B20: Униформа темная | C20: =COUNT(J20:AG24) | D20: =C20*45 | E20: =C20*55*2 | F20: =C20*55*6 | G20: =C20*55*0 | H20: =C20*55*3 | I20: =C20*55*1 | AH20: =SUM(J20:AG24) | AJ20: =AI20*5 | AL20: =AK20*50 | AN20: =AM20*175
B25: Синтетика | C25: =COUNT(J25:AG29) | D25: =C25*38 | E25: =C25*55*3 | F25: =C25*55*5 | G25: =C25*55*0 | H25: =C25*55*3 | I25: =C25*55*1 | AH25: =SUM(J25:AG29) | AJ25: =AI25*5 | AL25: =AK25*50 | AN25: =AM25*175
B30: Деликатная | C30: =COUNT(J30:AG34) | D30: =C30*50 | E30: =C30*55*2 | F30: =C30*55*4 | G30: =C30*55*0 | H30: =C30*55*3 | I30: =C30*55*1 | AH30: =SUM(J30:AG34) | AJ30: =AI30*5 | AL30: =AK30*50 | AN30: =AM30*175
B35: Спецодежда | C35: =COUNT(J35:AG39) | D35: =C35*42 | E35: =C35*55*3 | F35: =C35*55*10 | G35: =C35*55*0 | H35: =C35*55*3 | I35: =C35*55*1 | AH35: =SUM(J35:AG39) | AJ35: =AI35*5 | AL35: =AK35*50 | AN35: =AM35*175
A40: ИТОГО | C40: =C5+C10+C15+C20+C25+C30+C35 | D40: =D5+D10+D15+D20+D25+D30+D35 | E40: =E5+E10+E15+E20+E25+E30+E35 | F40: =F5+F10+F15+F20+F25+F30+F35 | G40: =G5+G10+G15+G20+G25+G30+G35 | H40: =H5+H10+H15+H20+H25+H30+H35 | I40: =I5+I10+I15+I20+I25+I30+I35 | J40: =J5+J6+J7+J8+J9+J10+J11+J12+J13+J14+J15+J16+J17+J18+J19+J20+J21+J22+J23+J24+J25+J26+J27+J28+J29+J30+J31+J32+J33+J34+J35+J36+J37+J38+J39 | K40: =K5+K6+K7+K8+K9+K10+K11+K12+K13+K14+K15+K16+K17+K18+K19+K20+K21+K22+K23+K24+K25+K26+K27+K28+K29+K30+K31+K32+K33+K34+K35+K36+K37+K38+K39 | L40: =L5+L6+L7+L8+L9+L10+L11+L12+L13+L14+L15+L16+L17+L18+L19+L20+L21+L22+L23+L24+L25+L26+L27+L28+L29+L30+L31+L32+L33+L34+L35+L36+L37+L38+L39 | M40: =M5+M6+M7+M8+M9+M10+M11+M12+M13+M14+M15+M16+M17+M18+M19+M20+M21+M22+M23+M24+M25+M26+M27+M28+M29+M30+M31+M32+M33+M34+M35+M36+M37+M38+M39 | N40: =N5+N6+N7+N8+N9+N10+N11+N12+N13+N14+N15+N16+N17+N18+N19+N20+N21+N22+N23+N24+N25+N26+N27+N28+N29+N30+N31+N32+N33+N34+N35+N36+N37+N38+N39 | O40: =O5+O6+O7+O8+O9+O10+O11+O12+O13+O14+O15+O16+O17+O18+O19+O20+O21+O22+O23+O24+O25+O26+O27+O28+O29+O30+O31+O32+O33+O34+O35+O36+O37+O38+O39 | P40: =P5+P6+P7+P8+P9+P10+P11+P12+P13+P14+P15+P16+P17+P18+P19+P20+P21+P22+P23+P24+P25+P26+P27+P28+P29+P30+P31+P32+P33+P34+P35+P36+P37+P38+P39 | Q40: =Q5+Q6+Q7+Q8+Q9+Q10+Q11+Q12+Q13+Q14+Q15+Q16+Q17+Q18+Q19+Q20+Q21+Q22+Q23+Q24+Q25+Q26+Q27+Q28+Q29+Q30+Q31+Q32+Q33+Q34+Q35+Q36+Q37+Q38+Q39 | ... AG40: =AG5+AG6+AG7+AG8+AG9+AG10+AG11+AG12+AG13+AG14+AG15+AG16+AG17+AG18+AG19+AG20+AG21+AG22+AG23+AG24+AG25+AG26+AG27+AG28+AG29+AG30+AG31+AG32+AG33+AG34+AG35+AG36+AG37+AG38+AG39 | AH40: =AH5+AH10+AH15+AH20+AH25+AH30+AH35 | AI40: =AI5+AI10+AI15+AI20+AI25+AI30+AI35 | AJ40: =AJ5+AJ10+AJ15+AJ20+AJ25+AJ30+AJ35 | AK40: =AK5+AK10+AK15+AK20+AK25+AK30+AK35 | AL40: =AL5+AL10+AL15+AL20+AL25+AL30+AL35 | AM40: =AM5+AM10+AM15+AM20+AM25+AM30+AM35 | AN40: =AN5+AN10+AN15+AN20+AN25+AN30+AN35

Sheet 28
A1: Лист для ежедневной регистрации грязного белья и постельных принадлежностей (в кг)
A2: Дата | B2: Вид стирки | C2: Количество | D2: Общее время | E2: EMULSIFIER | F2: ALKALINE | G2: BLEACH | H2: SOFTENER | I2: NEUTRLIZER | J2: Вес | AH2: Всего Вес | AI2: Ваниш | AK2: Ленор | AM2: Порошок
J3: 1 | L3: 2 | N3: 3 | P3: 4 | R3: 5 | T3: 6 | V3: 7 | X3: 8 | Z3: 9 | AB3: 10 | AD3: 11 | AF3: 12
J4: день | K4: ночь | L4: день | M4: ночь | N4: день | O4: ночь | P4: день | Q4: ночь | R4: день | S4: ночь | T4: день | U4: ночь | V4: день | W4: ночь | X4: день | Y4: ночь | Z4: день | AA4: ночь | AB4: день | AC4: ночь | AD4: день | AE4: ночь | AF4: день | AG4: ночь | AI4: Кол-во | AJ4: Общее | AK4: Кол-во | AL4: Общее | AM4: Кол-во | AN4: Общее
B5: Постель белая | C5: =COUNT(J5:AG9) | D5: =C5*57 | E5: =C5*55*3 | F5: =C5*55*8 | G5: =C5*55*6 | H5: =C5*55*4 | I5: =C5*55*1 | AH5: =SUM(J5:AG9) | AJ5: =AI5*5 | AL5: =AK5*50 | AN5: =AM5*175
B10: Махра белая | C10: =COUNT(J10:AG14) | D10: =C10*51 | E10: =C10*55*3 | F10: =C10*55*8 | G10: =C10*55*6 | H10: =C10*55*5 | I10: =C10*55*1 | AH10: =SUM(J10:AG14) | AJ10: =AI10*5 | AL10: =AK10*50 | AN10: =AM10*175
B15: Униформа белая | C15: =COUNT(J15:AG19) | D15: =C15*55 | E15: =C15*55*3 | F15: =C15*55*8 | G15: =C15*55*5 | H15: =C15*55*3 | I15: =C15*55*1 | AH15: =SUM(J15:AG19) | AJ15: =AI15*5 | AL15: =AK15*50 | AN15: =AM15*175
B20: Униформа темная | C20: =COUNT(J20:AG24) | D20: =C20*45 | E20: =C20*55*2 | F20: =C20*55*6 | G20: =C20*55*0 | H20: =C20*55*3 | I20: =C20*55*1 | AH20: =SUM(J20:AG24) | AJ20: =AI20*5 | AL20: =AK20*50 | AN20: =AM20*175
B25: Синтетика | C25: =COUNT(J25:AG29) | D25: =C25*38 | E25: =C25*55*3 | F25: =C25*55*5 | G25: =C25*55*0 | H25: =C25*55*3 | I25: =C25*55*1 | AH25: =SUM(J25:AG29) | AJ25: =AI25*5 | AL25: =AK25*50 | AN25: =AM25*175
B30: Деликатная | C30: =COUNT(J30:AG34) | D30: =C30*50 | E30: =C30*55*2 | F30: =C30*55*4 | G30: =C30*55*0 | H30: =C30*55*3 | I30: =C30*55*1 | AH30: =SUM(J30:AG34) | AJ30: =AI30*5 | AL30: =AK30*50 | AN30: =AM30*175
B35: Спецодежда | C35: =COUNT(J35:AG39) | D35: =C35*42 | E35: =C35*55*3 | F35: =C35*55*10 | G35: =C35*55*0 | H35: =C35*55*3 | I35: =C35*55*1 | AH35: =SUM(J35:AG39) | AJ35: =AI35*5 | AL35: =AK35*50 | AN35: =AM35*175
A40: ИТОГО | C40: =C5+C10+C15+C20+C25+C30+C35 | D40: =D5+D10+D15+D20+D25+D30+D35 | E40: =E5+E10+E15+E20+E25+E30+E35 | F40: =F5+F10+F15+F20+F25+F30+F35 | G40: =G5+G10+G15+G20+G25+G30+G35 | H40: =H5+H10+H15+H20+H25+H30+H35 | I40: =I5+I10+I15+I20+I25+I30+I35 | J40: =J5+J6+J7+J8+J9+J10+J11+J12+J13+J14+J15+J16+J17+J18+J19+J20+J21+J22+J23+J24+J25+J26+J27+J28+J29+J30+J31+J32+J33+J34+J35+J36+J37+J38+J39 | K40: =K5+K6+K7+K8+K9+K10+K11+K12+K13+K14+K15+K16+K17+K18+K19+K20+K21+K22+K23+K24+K25+K26+K27+K28+K29+K30+K31+K32+K33+K34+K35+K36+K37+K38+K39 | L40: =L5+L6+L7+L8+L9+L10+L11+L12+L13+L14+L15+L16+L17+L18+L19+L20+L21+L22+L23+L24+L25+L26+L27+L28+L29+L30+L31+L32+L33+L34+L35+L36+L37+L38+L39 | M40: =M5+M6+M7+M8+M9+M10+M11+M12+M13+M14+M15+M16+M17+M18+M19+M20+M21+M22+M23+M24+M25+M26+M27+M28+M29+M30+M31+M32+M33+M34+M35+M36+M37+M38+M39 | N40: =N5+N6+N7+N8+N9+N10+N11+N12+N13+N14+N15+N16+N17+N18+N19+N20+N21+N22+N23+N24+N25+N26+N27+N28+N29+N30+N31+N32+N33+N34+N35+N36+N37+N38+N39 | O40: =O5+O6+O7+O8+O9+O10+O11+O12+O13+O14+O15+O16+O17+O18+O19+O20+O21+O22+O23+O24+O25+O26+O27+O28+O29+O30+O31+O32+O33+O34+O35+O36+O37+O38+O39 | P40: =P5+P6+P7+P8+P9+P10+P11+P12+P13+P14+P15+P16+P17+P18+P19+P20+P21+P22+P23+P24+P25+P26+P27+P28+P29+P30+P31+P32+P33+P34+P35+P36+P37+P38+P39 | Q40: =Q5+Q6+Q7+Q8+Q9+Q10+Q11+Q12+Q13+Q14+Q15+Q16+Q17+Q18+Q19+Q20+Q21+Q22+Q23+Q24+Q25+Q26+Q27+Q28+Q29+Q30+Q31+Q32+Q33+Q34+Q35+Q36+Q37+Q38+Q39 | ... AG40: =AG5+AG6+AG7+AG8+AG9+AG10+AG11+AG12+AG13+AG14+AG15+AG16+AG17+AG18+AG19+AG20+AG21+AG22+AG23+AG24+AG25+AG26+AG27+AG28+AG29+AG30+AG31+AG32+AG33+AG34+AG35+AG36+AG37+AG38+AG39 | AH40: =AH5+AH10+AH15+AH20+AH25+AH30+AH35 | AI40: =AI5+AI10+AI15+AI20+AI25+AI30+AI35 | AJ40: =AJ5+AJ10+AJ15+AJ20+AJ25+AJ30+AJ35 | AK40: =AK5+AK10+AK15+AK20+AK25+AK30+AK35 | AL40: =AL5+AL10+AL15+AL20+AL25+AL30+AL35 | AM40: =AM5+AM10+AM15+AM20+AM25+AM30+AM35 | AN40: =AN5+AN10+AN15+AN20+AN25+AN30+AN35

Sheet 29
A1: Лист для ежедневной регистрации грязного белья и постельных принадлежностей (в кг)
A2: Дата | B2: Вид стирки | C2: Количество | D2: Общее время | E2: EMULSIFIER | F2: ALKALINE | G2: BLEACH | H2: SOFTENER | I2: NEUTRLIZER | J2: Вес | AH2: Всего Вес | AI2: Ваниш | AK2: Ленор | AM2: Порошок
J3: 1 | L3: 2 | N3: 3 | P3: 4 | R3: 5 | T3: 6 | V3: 7 | X3: 8 | Z3: 9 | AB3: 10 | AD3: 11 | AF3: 12
J4: день | K4: ночь | L4: день | M4: ночь | N4: день | O4: ночь | P4: день | Q4: ночь | R4: день | S4: ночь | T4: день | U4: ночь | V4: день | W4: ночь | X4: день | Y4: ночь | Z4: день | AA4: ночь | AB4: день | AC4: ночь | AD4: день | AE4: ночь | AF4: день | AG4: ночь | AI4: Кол-во | AJ4: Общее | AK4: Кол-во | AL4: Общее | AM4: Кол-во | AN4: Общее
B5: Постель белая | C5: =COUNT(J5:AG9) | D5: =C5*57 | E5: =C5*55*3 | F5: =C5*55*8 | G5: =C5*55*6 | H5: =C5*55*4 | I5: =C5*55*1 | AH5: =SUM(J5:AG9) | AJ5: =AI5*5 | AL5: =AK5*50 | AN5: =AM5*175
B10: Махра белая | C10: =COUNT(J10:AG14) | D10: =C10*51 | E10: =C10*55*3 | F10: =C10*55*8 | G10: =C10*55*6 | H10: =C10*55*5 | I10: =C10*55*1 | AH10: =SUM(J10:AG14) | AJ10: =AI10*5 | AL10: =AK10*50 | AN10: =AM10*175
B15: Униформа белая | C15: =COUNT(J15:AG19) | D15: =C15*55 | E15: =C15*55*3 | F15: =C15*55*8 | G15: =C15*55*5 | H15: =C15*55*3 | I15: =C15*55*1 | AH15: =SUM(J15:AG19) | AJ15: =AI15*5 | AL15: =AK15*50 | AN15: =AM15*175
B20: Униформа темная | C20: =COUNT(J20:AG24) | D20: =C20*45 | E20: =C20*55*2 | F20: =C20*55*6 | G20: =C20*55*0 | H20: =C20*55*3 | I20: =C20*55*1 | AH20: =SUM(J20:AG24) | AJ20: =AI20*5 | AL20: =AK20*50 | AN20: =AM20*175
B25: Синтетика | C25: =COUNT(J25:AG29) | D25: =C25*38 | E25: =C25*55*3 | F25: =C25*55*5 | G25: =C25*55*0 | H25: =C25*55*3 | I25: =C25*55*1 | AH25: =SUM(J25:AG29) | AJ25: =AI25*5 | AL25: =AK25*50 | AN25: =AM25*175
B30: Деликатная | C30: =COUNT(J30:AG34) | D30: =C30*50 | E30: =C30*55*2 | F30: =C30*55*4 | G30: =C30*55*0 | H30: =C30*55*3 | I30: =C30*55*1 | AH30: =SUM(J30:AG34) | AJ30: =AI30*5 | AL30: =AK30*50 | AN30: =AM30*175
B35: Спецодежда | C35: =COUNT(J35:AG39) | D35: =C35*42 | E35: =C35*55*3 | F35: =C35*55*10 | G35: =C35*55*0 | H35: =C35*55*3 | I35: =C35*55*1 | AH35: =SUM(J35:AG39) | AJ35: =AI35*5 | AL35: =AK35*50 | AN35: =AM35*175
A40: ИТОГО | C40: =C5+C10+C15+C20+C25+C30+C35 | D40: =D5+D10+D15+D20+D25+D30+D35 | E40: =E5+E10+E15+E20+E25+E30+E35 | F40: =F5+F10+F15+F20+F25+F30+F35 | G40: =G5+G10+G15+G20+G25+G30+G35 | H40: =H5+H10+H15+H20+H25+H30+H35 | I40: =I5+I10+I15+I20+I25+I30+I35 | J40: =J5+J6+J7+J8+J9+J10+J11+J12+J13+J14+J15+J16+J17+J18+J19+J20+J21+J22+J23+J24+J25+J26+J27+J28+J29+J30+J31+J32+J33+J34+J35+J36+J37+J38+J39 | K40: =K5+K6+K7+K8+K9+K10+K11+K12+K13+K14+K15+K16+K17+K18+K19+K20+K21+K22+K23+K24+K25+K26+K27+K28+K29+K30+K31+K32+K33+K34+K35+K36+K37+K38+K39 | L40: =L5+L6+L7+L8+L9+L10+L11+L12+L13+L14+L15+L16+L17+L18+L19+L20+L21+L22+L23+L24+L25+L26+L27+L28+L29+L30+L31+L32+L33+L34+L35+L36+L37+L38+L39 | M40: =M5+M6+M7+M8+M9+M10+M11+M12+M13+M14+M15+M16+M17+M18+M19+M20+M21+M22+M23+M24+M25+M26+M27+M28+M29+M30+M31+M32+M33+M34+M35+M36+M37+M38+M39 | N40: =N5+N6+N7+N8+N9+N10+N11+N12+N13+N14+N15+N16+N17+N18+N19+N20+N21+N22+N23+N24+N25+N26+N27+N28+N29+N30+N31+N32+N33+N34+N35+N36+N37+N38+N39 | O40: =O5+O6+O7+O8+O9+O10+O11+O12+O13+O14+O15+O16+O17+O18+O19+O20+O21+O22+O23+O24+O25+O26+O27+O28+O29+O30+O31+O32+O33+O34+O35+O36+O37+O38+O39 | P40: =P5+P6+P7+P8+P9+P10+P11+P12+P13+P14+P15+P16+P17+P18+P19+P20+P21+P22+P23+P24+P25+P26+P27+P28+P29+P30+P31+P32+P33+P34+P35+P36+P37+P38+P39 | Q40: =Q5+Q6+Q7+Q8+Q9+Q10+Q11+Q12+Q13+Q14+Q15+Q16+Q17+Q18+Q19+Q20+Q21+Q22+Q23+Q24+Q25+Q26+Q27+Q28+Q29+Q30+Q31+Q32+Q33+Q34+Q35+Q36+Q37+Q38+Q39 | ... AG40: =AG5+AG6+AG7+AG8+AG9+AG10+AG11+AG12+AG13+AG14+AG15+AG16+AG17+AG18+AG19+AG20+AG21+AG22+AG23+AG24+AG25+AG26+AG27+AG28+AG29+AG30+AG31+AG32+AG33+AG34+AG35+AG36+AG37+AG38+AG39 | AH40: =AH5+AH10+AH15+AH20+AH25+AH30+AH35 | AI40: =AI5+AI10+AI15+AI20+AI25+AI30+AI35 | AJ40: =AJ5+AJ10+AJ15+AJ20+AJ25+AJ30+AJ35 | AK40: =AK5+AK10+AK15+AK20+AK25+AK30+AK35 | AL40: =AL5+AL10+AL15+AL20+AL25+AL30+AL35 | AM40: =AM5+AM10+AM15+AM20+AM25+AM30+AM35 | AN40: =AN5+AN10+AN15+AN20+AN25+AN30+AN35

Sheet 30
A1: Лист для ежедневной регистрации грязного белья и постельных принадлежностей (в кг)
A2: Дата | B2: Вид стирки | C2: Количество | D2: Общее время | E2: EMULSIFIER | F2: ALKALINE | G2: BLEACH | H2: SOFTENER | I2: NEUTRLIZER | J2: Вес | AH2: Всего Вес | AI2: Ваниш | AK2: Ленор | AM2: Порошок
J3: 1 | L3: 2 | N3: 3 | P3: 4 | R3: 5 | T3: 6 | V3: 7 | X3: 8 | Z3: 9 | AB3: 10 | AD3: 11 | AF3: 12
J4: день | K4: ночь | L4: день | M4: ночь | N4: день | O4: ночь | P4: день | Q4: ночь | R4: день | S4: ночь | T4: день | U4: ночь | V4: день | W4: ночь | X4: день | Y4: ночь | Z4: день | AA4: ночь | AB4: день | AC4: ночь | AD4: день | AE4: ночь | AF4: день | AG4: ночь | AI4: Кол-во | AJ4: Общее | AK4: Кол-во | AL4: Общее | AM4: Кол-во | AN4: Общее
B5: Постель белая | C5: =COUNT(J5:AG9) | D5: =C5*57 | E5: =C5*55*3 | F5: =C5*55*8 | G5: =C5*55*6 | H5: =C5*55*4 | I5: =C5*55*1 | AH5: =SUM(J5:AG9) | AJ5: =AI5*5 | AL5: =AK5*50 | AN5: =AM5*175
B10: Махра белая | C10: =COUNT(J10:AG14) | D10: =C10*51 | E10: =C10*55*3 | F10: =C10*55*8 | G10: =C10*55*6 | H10: =C10*55*5 | I10: =C10*55*1 | AH10: =SUM(J10:AG14) | AJ10: =AI10*5 | AL10: =AK10*50 | AN10: =AM10*175
B15: Униформа белая | C15: =COUNT(J15:AG19) | D15: =C15*55 | E15: =C15*55*3 | F15: =C15*55*8 | G15: =C15*55*5 | H15: =C15*55*3 | I15: =C15*55*1 | AH15: =SUM(J15:AG19) | AJ15: =AI15*5 | AL15: =AK15*50 | AN15: =AM15*175
B20: Униформа темная | C20: =COUNT(J20:AG24) | D20: =C20*45 | E20: =C20*55*2 | F20: =C20*55*6 | G20: =C20*55*0 | H20: =C20*55*3 | I20: =C20*55*1 | AH20: =SUM(J20:AG24) | AJ20: =AI20*5 | AL20: =AK20*50 | AN20: =AM20*175
B25: Синтетика | C25: =COUNT(J25:AG29) | D25: =C25*38 | E25: =C25*55*3 | F25: =C25*55*5 | G25: =C25*55*0 | H25: =C25*55*3 | I25: =C25*55*1 | AH25: =SUM(J25:AG29) | AJ25: =AI25*5 | AL25: =AK25*50 | AN25: =AM25*175
B30: Деликатная | C30: =COUNT(J30:AG34) | D30: =C30*50 | E30: =C30*55*2 | F30: =C30*55*4 | G30: =C30*55*0 | H30: =C30*55*3 | I30: =C30*55*1 | AH30: =SUM(J30:AG34) | AJ30: =AI30*5 | AL30: =AK30*50 | AN30: =AM30*175
B35: Спецодежда | C35: =COUNT(J35:AG39) | D35: =C35*42 | E35: =C35*55*3 | F35: =C35*55*10 | G35: =C35*55*0 | H35: =C35*55*3 | I35: =C35*55*1 | AH35: =SUM(J35:AG39) | AJ35: =AI35*5 | AL35: =AK35*50 | AN35: =AM35*175
A40: ИТОГО | C40: =C5+C10+C15+C20+C25+C30+C35 | D40: =D5+D10+D15+D20+D25+D30+D35 | E40: =E5+E10+E15+E20+E25+E30+E35 | F40: =F5+F10+F15+F20+F25+F30+F35 | G40: =G5+G10+G15+G20+G25+G30+G35 | H40: =H5+H10+H15+H20+H25+H30+H35 | I40: =I5+I10+I15+I20+I25+I30+I35 | J40: =J5+J6+J7+J8+J9+J10+J11+J12+J13+J14+J15+J16+J17+J18+J19+J20+J21+J22+J23+J24+J25+J26+J27+J28+J29+J30+J31+J32+J33+J34+J35+J36+J37+J38+J39 | K40: =K5+K6+K7+K8+K9+K10+K11+K12+K13+K14+K15+K16+K17+K18+K19+K20+K21+K22+K23+K24+K25+K26+K27+K28+K29+K30+K31+K32+K33+K34+K35+K36+K37+K38+K39 | L40: =L5+L6+L7+L8+L9+L10+L11+L12+L13+L14+L15+L16+L17+L18+L19+L20+L21+L22+L23+L24+L25+L26+L27+L28+L29+L30+L31+L32+L33+L34+L35+L36+L37+L38+L39 | M40: =M5+M6+M7+M8+M9+M10+M11+M12+M13+M14+M15+M16+M17+M18+M19+M20+M21+M22+M23+M24+M25+M26+M27+M28+M29+M30+M31+M32+M33+M34+M35+M36+M37+M38+M39 | N40: =N5+N6+N7+N8+N9+N10+N11+N12+N13+N14+N15+N16+N17+N18+N19+N20+N21+N22+N23+N24+N25+N26+N27+N28+N29+N30+N31+N32+N33+N34+N35+N36+N37+N38+N39 | O40: =O5+O6+O7+O8+O9+O10+O11+O12+O13+O14+O15+O16+O17+O18+O19+O20+O21+O22+O23+O24+O25+O26+O27+O28+O29+O30+O31+O32+O33+O34+O35+O36+O37+O38+O39 | P40: =P5+P6+P7+P8+P9+P10+P11+P12+P13+P14+P15+P16+P17+P18+P19+P20+P21+P22+P23+P24+P25+P26+P27+P28+P29+P30+P31+P32+P33+P34+P35+P36+P37+P38+P39 | Q40: =Q5+Q6+Q7+Q8+Q9+Q10+Q11+Q12+Q13+Q14+Q15+Q16+Q17+Q18+Q19+Q20+Q21+Q22+Q23+Q24+Q25+Q26+Q27+Q28+Q29+Q30+Q31+Q32+Q33+Q34+Q35+Q36+Q37+Q38+Q39 | ... AG40: =AG5+AG6+AG7+AG8+AG9+AG10+AG11+AG12+AG13+AG14+AG15+AG16+AG17+AG18+AG19+AG20+AG21+AG22+AG23+AG24+AG25+AG26+AG27+AG28+AG29+AG30+AG31+AG32+AG33+AG34+AG35+AG36+AG37+AG38+AG39 | AH40: =AH5+AH10+AH15+AH20+AH25+AH30+AH35 | AI40: =AI5+AI10+AI15+AI20+AI25+AI30+AI35 | AJ40: =AJ5+AJ10+AJ15+AJ20+AJ25+AJ30+AJ35 | AK40: =AK5+AK10+AK15+AK20+AK25+AK30+AK35 | AL40: =AL5+AL10+AL15+AL20+AL25+AL30+AL35 | AM40: =AM5+AM10+AM15+AM20+AM25+AM30+AM35 | AN40: =AN5+AN10+AN15+AN20+AN25+AN30+AN35

Sheet 31
A1: Лист для ежедневной регистрации грязного белья и постельных принадлежностей (в кг)
A2: Дата | B2: Вид стирки | C2: Количество | D2: Общее время | E2: EMULSIFIER | F2: ALKALINE | G2: BLEACH | H2: SOFTENER | I2: NEUTRLIZER | J2: Вес | AH2: Всего Вес | AI2: Ваниш | AK2: Ленор | AM2: Порошок
J3: 1 | L3: 2 | N3: 3 | P3: 4 | R3: 5 | T3: 6 | V3: 7 | X3: 8 | Z3: 9 | AB3: 10 | AD3: 11 | AF3: 12
J4: день | K4: ночь | L4: день | M4: ночь | N4: день | O4: ночь | P4: день | Q4: ночь | R4: день | S4: ночь | T4: день | U4: ночь | V4: день | W4: ночь | X4: день | Y4: ночь | Z4: день | AA4: ночь | AB4: день | AC4: ночь | AD4: день | AE4: ночь | AF4: день | AG4: ночь | AI4: Кол-во | AJ4: Общее | AK4: Кол-во | AL4: Общее | AM4: Кол-во | AN4: Общее
B5: Постель белая | C5: =COUNT(J5:AG9) | D5: =C5*57 | E5: =C5*55*3 | F5: =C5*55*8 | G5: =C5*55*6 | H5: =C5*55*4 | I5: =C5*55*1 | AH5: =SUM(J5:AG9) | AJ5: =AI5*5 | AL5: =AK5*50 | AN5: =AM5*175
B10: Махра белая | C10: =COUNT(J10:AG14) | D10: =C10*51 | E10: =C10*55*3 | F10: =C10*55*8 | G10: =C10*55*6 | H10: =C10*55*5 | I10: =C10*55*1 | AH10: =SUM(J10:AG14) | AJ10: =AI10*5 | AL10: =AK10*50 | AN10: =AM10*175
B15: Униформа белая | C15: =COUNT(J15:AG19) | D15: =C15*55 | E15: =C15*55*3 | F15: =C15*55*8 | G15: =C15*55*5 | H15: =C15*55*3 | I15: =C15*55*1 | AH15: =SUM(J15:AG19) | AJ15: =AI15*5 | AL15: =AK15*50 | AN15: =AM15*175
B20: Униформа темная | C20: =COUNT(J20:AG24) | D20: =C20*45 | E20: =C20*55*2 | F20: =C20*55*6 | G20: =C20*55*0 | H20: =C20*55*3 | I20: =C20*55*1 | AH20: =SUM(J20:AG24) | AJ20: =AI20*5 | AL20: =AK20*50 | AN20: =AM20*175
B25: Синтетика | C25: =COUNT(J25:AG29) | D25: =C25*38 | E25: =C25*55*3 | F25: =C25*55*5 | G25: =C25*55*0 | H25: =C25*55*3 | I25: =C25*55*1 | AH25: =SUM(J25:AG29) | AJ25: =AI25*5 | AL25: =AK25*50 | AN25: =AM25*175
B30: Деликатная | C30: =COUNT(J30:AG34) | D30: =C30*50 | E30: =C30*55*2 | F30: =C30*55*4 | G30: =C30*55*0 | H30: =C30*55*3 | I30: =C30*55*1 | AH30: =SUM(J30:AG34) | AJ30: =AI30*5 | AL30: =AK30*50 | AN30: =AM30*175
B35: Спецодежда | C35: =COUNT(J35:AG39) | D35: =C35*42 | E35: =C35*55*3 | F35: =C35*55*10 | G35: =C35*55*0 | H35: =C35*55*3 | I35: =C35*55*1 | AH35: =SUM(J35:AG39) | AJ35: =AI35*5 | AL35: =AK35*50 | AN35: =AM35*175
A40: ИТОГО | C40: =C5+C10+C15+C20+C25+C30+C35 | D40: =D5+D10+D15+D20+D25+D30+D35 | E40: =E5+E10+E15+E20+E25+E30+E35 | F40: =F5+F10+F15+F20+F25+F30+F35 | G40: =G5+G10+G15+G20+G25+G30+G35 | H40: =H5+H10+H15+H20+H25+H30+H35 | I40: =I5+I10+I15+I20+I25+I30+I35 | J40: =J5+J6+J7+J8+J9+J10+J11+J12+J13+J14+J15+J16+J17+J18+J19+J20+J21+J22+J23+J24+J25+J26+J27+J28+J29+J30+J31+J32+J33+J34+J35+J36+J37+J38+J39 | K40: =K5+K6+K7+K8+K9+K10+K11+K12+K13+K14+K15+K16+K17+K18+K19+K20+K21+K22+K23+K24+K25+K26+K27+K28+K29+K30+K31+K32+K33+K34+K35+K36+K37+K38+K39 | L40: =L5+L6+L7+L8+L9+L10+L11+L12+L13+L14+L15+L16+L17+L18+L19+L20+L21+L22+L23+L24+L25+L26+L27+L28+L29+L30+L31+L32+L33+L34+L35+L36+L37+L38+L39 | M40: =M5+M6+M7+M8+M9+M10+M11+M12+M13+M14+M15+M16+M17+M18+M19+M20+M21+M22+M23+M24+M25+M26+M27+M28+M29+M30+M31+M32+M33+M34+M35+M36+M37+M38+M39 | N40: =N5+N6+N7+N8+N9+N10+N11+N12+N13+N14+N15+N16+N17+N18+N19+N20+N21+N22+N23+N24+N25+N26+N27+N28+N29+N30+N31+N32+N33+N34+N35+N36+N37+N38+N39 | O40: =O5+O6+O7+O8+O9+O10+O11+O12+O13+O14+O15+O16+O17+O18+O19+O20+O21+O22+O23+O24+O25+O26+O27+O28+O29+O30+O31+O32+O33+O34+O35+O36+O37+O38+O39 | P40: =P5+P6+P7+P8+P9+P10+P11+P12+P13+P14+P15+P16+P17+P18+P19+P20+P21+P22+P23+P24+P25+P26+P27+P28+P29+P30+P31+P32+P33+P34+P35+P36+P37+P38+P39 | Q40: =Q5+Q6+Q7+Q8+Q9+Q10+Q11+Q12+Q13+Q14+Q15+Q16+Q17+Q18+Q19+Q20+Q21+Q22+Q23+Q24+Q25+Q26+Q27+Q28+Q29+Q30+Q31+Q32+Q33+Q34+Q35+Q36+Q37+Q38+Q39 | ... AG40: =AG5+AG6+AG7+AG8+AG9+AG10+AG11+AG12+AG13+AG14+AG15+AG16+AG17+AG18+AG19+AG20+AG21+AG22+AG23+AG24+AG25+AG26+AG27+AG28+AG29+AG30+AG31+AG32+AG33+AG34+AG35+AG36+AG37+AG38+AG39 | AH40: =AH5+AH10+AH15+AH20+AH25+AH30+AH35 | AI40: =AI5+AI10+AI15+AI20+AI25+AI30+AI35 | AJ40: =AJ5+AJ10+AJ15+AJ20+AJ25+AJ30+AJ35 | AK40: =AK5+AK10+AK15+AK20+AK25+AK30+AK35 | AL40: =AL5+AL10+AL15+AL20+AL25+AL30+AL35 | AM40: =AM5+AM10+AM15+AM20+AM25+AM30+AM35 | AN40: =AN5+AN10+AN15+AN20+AN25+AN30+AN35

Sheet Бланк
A1: Лист для ежедневной регистрации грязного белья и постельных принадлежностей (в кг)
A2: Дата:
A3: Вид | B3: Вес:
B4: 1 | C4: 2 | D4: 3 | E4: 4 | F4: 5 | G4: 6 | H4: 7 | I4: 8 | J4: 9 | K4: 10 | L4: 11 | M4: 12 | N4: 1 | O4: 2 | P4: 3 | Q4: 4 | R4: 5 | S4: 6 | T4: 7 | U4: 8 | V4: 9 | W4: 10 | X4: 11 | Y4: 12
A5: день | N5: ночь
A6: Постель белая
A11: Махра белая
A16: Униформа белая
A21: Униформа темная
A26: Синтетика
A31: Деликатная
A36: Спецодежда

Sheet Итоги месяца и недели
B8: Статистика
B9: № | C9: Дата: | D9: Вес общий | E9: EMULSIFIER | F9: ALKALINE | G9: BLEACH | H9: SOFTENER | I9: NEUTRLIZER | J9: Ваниш | K9: Ленор | L9: Порошок
B10: 1 | C10: =IF('1'!A5="","",'1'!A5) | D10: {=IF(INDIRECT("'"&B10&"'!AH40")>0,INDIRECT("'"&B10&"'!AH40"),"")} | E10: {=IF(INDIRECT("'"&B10&"'!E40")>0,INDIRECT("'"&B10&"'!E40"),"")} | F10: {=IF(INDIRECT("'"&B10&"'!F40")>0,INDIRECT("'"&B10&"'!F40"),"")} | G10: {=IF(INDIRECT("'"&B10&"'!G40")>0,INDIRECT("'"&B10&"'!G40"),"")} | H10: {=IF(INDIRECT("'"&B10&"'!H40")>0,INDIRECT("'"&B10&"'!H40"),"")} | I10: {=IF(INDIRECT("'"&B10&"'!I40")>0,INDIRECT("'"&B10&"'!I40"),"")} | J10: {=IF(INDIRECT("'"&B10&"'!AJ40")>0,INDIRECT("'"&B10&"'!AJ40"),"")} | K10: {=IF(INDIRECT("'"&B10&"'!AL40")>0,INDIRECT("'"&B10&"'!AL40"),"")} | L10: {=IF(INDIRECT("'"&B10&"'!AN40")>0,INDIRECT("'"&B10&"'!AN40"),"")}
B11: 2 | C11: =IF('2'!A5="","",'2'!A5) | D11: {=IF(INDIRECT("'"&B11&"'!AH40")>0,INDIRECT("'"&B11&"'!AH40"),"")} | E11: {=IF(INDIRECT("'"&B11&"'!E40")>0,INDIRECT("'"&B11&"'!E40"),"")} | F11: {=IF(INDIRECT("'"&B11&"'!F40")>0,INDIRECT("'"&B11&"'!F40"),"")} | G11: {=IF(INDIRECT("'"&B11&"'!G40")>0,INDIRECT("'"&B11&"'!G40"),"")} | H11: {=IF(INDIRECT("'"&B11&"'!H40")>0,INDIRECT("'"&B11&"'!H40"),"")} | I11: {=IF(INDIRECT("'"&B11&"'!I40")>0,INDIRECT("'"&B11&"'!I40"),"")} | J11: {=IF(INDIRECT("'"&B11&"'!AJ40")>0,INDIRECT("'"&B11&"'!AJ40"),"")} | K11: {=IF(INDIRECT("'"&B11&"'!AL40")>0,INDIRECT("'"&B11&"'!AL40"),"")} | L11: {=IF(INDIRECT("'"&B11&"'!AN40")>0,INDIRECT("'"&B11&"'!AN40"),"")}
B12: 3 | C12: =IF('3'!A5="","",'3'!A5) | D12: {=IF(INDIRECT("'"&B12&"'!AH40")>0,INDIRECT("'"&B12&"'!AH40"),"")} | E12: {=IF(INDIRECT("'"&B12&"'!E40")>0,INDIRECT("'"&B12&"'!E40"),"")} | F12: {=IF(INDIRECT("'"&B12&"'!F40")>0,INDIRECT("'"&B12&"'!F40"),"")} | G12: {=IF(INDIRECT("'"&B12&"'!G40")>0,INDIRECT("'"&B12&"'!G40"),"")} | H12: {=IF(INDIRECT("'"&B12&"'!H40")>0,INDIRECT("'"&B12&"'!H40"),"")} | I12: {=IF(INDIRECT("'"&B12&"'!I40")>0,INDIRECT("'"&B12&"'!I40"),"")} | J12: {=IF(INDIRECT("'"&B12&"'!AJ40")>0,INDIRECT("'"&B12&"'!AJ40"),"")} | K12: {=IF(INDIRECT("'"&B12&"'!AL40")>0,INDIRECT("'"&B12&"'!AL40"),"")} | L12: {=IF(INDIRECT("'"&B12&"'!AN40")>0,INDIRECT("'"&B12&"'!AN40"),"")}
B13: 4 | C13: =IF('4'!A5="","",'4'!A5) | D13: {=IF(INDIRECT("'"&B13&"'!AH40")>0,INDIRECT("'"&B13&"'!AH40"),"")} | E13: {=IF(INDIRECT("'"&B13&"'!E40")>0,INDIRECT("'"&B13&"'!E40"),"")} | F13: {=IF(INDIRECT("'"&B13&"'!F40")>0,INDIRECT("'"&B13&"'!F40"),"")} | G13: {=IF(INDIRECT("'"&B13&"'!G40")>0,INDIRECT("'"&B13&"'!G40"),"")} | H13: {=IF(INDIRECT("'"&B13&"'!H40")>0,INDIRECT("'"&B13&"'!H40"),"")} | I13: {=IF(INDIRECT("'"&B13&"'!I40")>0,INDIRECT("'"&B13&"'!I40"),"")} | J13: {=IF(INDIRECT("'"&B13&"'!AJ40")>0,INDIRECT("'"&B13&"'!AJ40"),"")} | K13: {=IF(INDIRECT("'"&B13&"'!AL40")>0,INDIRECT("'"&B13&"'!AL40"),"")} | L13: {=IF(INDIRECT("'"&B13&"'!AN40")>0,INDIRECT("'"&B13&"'!AN40"),"")}
B14: 5 | C14: =IF('5'!A5="","",'5'!A5) | D14: {=IF(INDIRECT("'"&B14&"'!AH40")>0,INDIRECT("'"&B14&"'!AH40"),"")} | E14: {=IF(INDIRECT("'"&B14&"'!E40")>0,INDIRECT("'"&B14&"'!E40"),"")} | F14: {=IF(INDIRECT("'"&B14&"'!F40")>0,INDIRECT("'"&B14&"'!F40"),"")} | G14: {=IF(INDIRECT("'"&B14&"'!G40")>0,INDIRECT("'"&B14&"'!G40"),"")} | H14: {=IF(INDIRECT("'"&B14&"'!H40")>0,INDIRECT("'"&B14&"'!H40"),"")} | I14: {=IF(INDIRECT("'"&B14&"'!I40")>0,INDIRECT("'"&B14&"'!I40"),"")} | J14: {=IF(INDIRECT("'"&B14&"'!AJ40")>0,INDIRECT("'"&B14&"'!AJ40"),"")} | K14: {=IF(INDIRECT("'"&B14&"'!AL40")>0,INDIRECT("'"&B14&"'!AL40"),"")} | L14: {=IF(INDIRECT("'"&B14&"'!AN40")>0,INDIRECT("'"&B14&"'!AN40"),"")}
B15: 6 | C15: =IF('6'!A5="","",'6'!A5) | D15: {=IF(INDIRECT("'"&B15&"'!AH40")>0,INDIRECT("'"&B15&"'!AH40"),"")} | E15: {=IF(INDIRECT("'"&B15&"'!E40")>0,INDIRECT("'"&B15&"'!E40"),"")} | F15: {=IF(INDIRECT("'"&B15&"'!F40")>0,INDIRECT("'"&B15&"'!F40"),"")} | G15: {=IF(INDIRECT("'"&B15&"'!G40")>0,INDIRECT("'"&B15&"'!G40"),"")} | H15: {=IF(INDIRECT("'"&B15&"'!H40")>0,INDIRECT("'"&B15&"'!H40"),"")} | I15: {=IF(INDIRECT("'"&B15&"'!I40")>0,INDIRECT("'"&B15&"'!I40"),"")} | J15: {=IF(INDIRECT("'"&B15&"'!AJ40")>0,INDIRECT("'"&B15&"'!AJ40"),"")} | K15: {=IF(INDIRECT("'"&B15&"'!AL40")>0,INDIRECT("'"&B15&"'!AL40"),"")} | L15: {=IF(INDIRECT("'"&B15&"'!AN40")>0,INDIRECT("'"&B15&"'!AN40"),"")}
B16: 7 | C16: =IF('7'!A5="","",'7'!A5) | D16: {=IF(INDIRECT("'"&B16&"'!AH40")>0,INDIRECT("'"&B16&"'!AH40"),"")} | E16: {=IF(INDIRECT("'"&B16&"'!E40")>0,INDIRECT("'"&B16&"'!E40"),"")} | F16: {=IF(INDIRECT("'"&B16&"'!F40")>0,INDIRECT("'"&B16&"'!F40"),"")} | G16: {=IF(INDIRECT("'"&B16&"'!G40")>0,INDIRECT("'"&B16&"'!G40"),"")} | H16: {=IF(INDIRECT("'"&B16&"'!H40")>0,INDIRECT("'"&B16&"'!H40"),"")} | I16: {=IF(INDIRECT("'"&B16&"'!I40")>0,INDIRECT("'"&B16&"'!I40"),"")} | J16: {=IF(INDIRECT("'"&B16&"'!AJ40")>0,INDIRECT("'"&B16&"'!AJ40"),"")} | K16: {=IF(INDIRECT("'"&B16&"'!AL40")>0,INDIRECT("'"&B16&"'!AL40"),"")} | L16: {=IF(INDIRECT("'"&B16&"'!AN40")>0,INDIRECT("'"&B16&"'!AN40"),"")}
B17: 8 | C17: =IF('8'!A5="","",'8'!A5) | D17: {=IF(INDIRECT("'"&B17&"'!AH40")>0,INDIRECT("'"&B17&"'!AH40"),"")} | E17: {=IF(INDIRECT("'"&B17&"'!E40")>0,INDIRECT("'"&B17&"'!E40"),"")} | F17: {=IF(INDIRECT("'"&B17&"'!F40")>0,INDIRECT("'"&B17&"'!F40"),"")} | G17: {=IF(INDIRECT("'"&B17&"'!G40")>0,INDIRECT("'"&B17&"'!G40"),"")} | H17: {=IF(INDIRECT("'"&B17&"'!H40")>0,INDIRECT("'"&B17&"'!H40"),"")} | I17: {=IF(INDIRECT("'"&B17&"'!I40")>0,INDIRECT("'"&B17&"'!I40"),"")} | J17: {=IF(INDIRECT("'"&B17&"'!AJ40")>0,INDIRECT("'"&B17&"'!AJ40"),"")} | K17: {=IF(INDIRECT("'"&B17&"'!AL40")>0,INDIRECT("'"&B17&"'!AL40"),"")} | L17: {=IF(INDIRECT("'"&B17&"'!AN40")>0,INDIRECT("'"&B17&"'!AN40"),"")}
B18: 9 | C18: =IF('9'!A5="","",'9'!A5) | D18: {=IF(INDIRECT("'"&B18&"'!AH40")>0,INDIRECT("'"&B18&"'!AH40"),"")} | E18: {=IF(INDIRECT("'"&B18&"'!E40")>0,INDIRECT("'"&B18&"'!E40"),"")} | F18: {=IF(INDIRECT("'"&B18&"'!F40")>0,INDIRECT("'"&B18&"'!F40"),"")} | G18: {=IF(INDIRECT("'"&B18&"'!G40")>0,INDIRECT("'"&B18&"'!G40"),"")} | H18: {=IF(INDIRECT("'"&B18&"'!H40")>0,INDIRECT("'"&B18&"'!H40"),"")} | I18: {=IF(INDIRECT("'"&B18&"'!I40")>0,INDIRECT("'"&B18&"'!I40"),"")} | J18: {=IF(INDIRECT("'"&B18&"'!AJ40")>0,INDIRECT("'"&B18&"'!AJ40"),"")} | K18: {=IF(INDIRECT("'"&B18&"'!AL40")>0,INDIRECT("'"&B18&"'!AL40"),"")} | L18: {=IF(INDIRECT("'"&B18&"'!AN40")>0,INDIRECT("'"&B18&"'!AN40"),"")}
B19: 10 | C19: =IF('10'!A5="","",'10'!A5) | D19: {=IF(INDIRECT("'"&B19&"'!AH40")>0,INDIRECT("'"&B19&"'!AH40"),"")} | E19: {=IF(INDIRECT("'"&B19&"'!E40")>0,INDIRECT("'"&B19&"'!E40"),"")} | F19: {=IF(INDIRECT("'"&B19&"'!F40")>0,INDIRECT("'"&B19&"'!F40"),"")} | G19: {=IF(INDIRECT("'"&B19&"'!G40")>0,INDIRECT("'"&B19&"'!G40"),"")} | H19: {=IF(INDIRECT("'"&B19&"'!H40")>0,INDIRECT("'"&B19&"'!H40"),"")} | I19: {=IF(INDIRECT("'"&B19&"'!I40")>0,INDIRECT("'"&B19&"'!I40"),"")} | J19: {=IF(INDIRECT("'"&B19&"'!AJ40")>0,INDIRECT("'"&B19&"'!AJ40"),"")} | K19: {=IF(INDIRECT("'"&B19&"'!AL40")>0,INDIRECT("'"&B19&"'!AL40"),"")} | L19: {=IF(INDIRECT("'"&B19&"'!AN40")>0,INDIRECT("'"&B19&"'!AN40"),"")}
B20: 11 | C20: =IF('11'!A5="","",'11'!A5) | D20: {=IF(INDIRECT("'"&B20&"'!AH40")>0,INDIRECT("'"&B20&"'!AH40"),"")} | E20: {=IF(INDIRECT("'"&B20&"'!E40")>0,INDIRECT("'"&B20&"'!E40"),"")} | F20: {=IF(INDIRECT("'"&B20&"'!F40")>0,INDIRECT("'"&B20&"'!F40"),"")} | G20: {=IF(INDIRECT("'"&B20&"'!G40")>0,INDIRECT("'"&B20&"'!G40"),"")} | H20: {=IF(INDIRECT("'"&B20&"'!H40")>0,INDIRECT("'"&B20&"'!H40"),"")} | I20: {=IF(INDIRECT("'"&B20&"'!I40")>0,INDIRECT("'"&B20&"'!I40"),"")} | J20: {=IF(INDIRECT("'"&B20&"'!AJ40")>0,INDIRECT("'"&B20&"'!AJ40"),"")} | K20: {=IF(INDIRECT("'"&B20&"'!AL40")>0,INDIRECT("'"&B20&"'!AL40"),"")} | L20: {=IF(INDIRECT("'"&B20&"'!AN40")>0,INDIRECT("'"&B20&"'!AN40"),"")}
B21: 12 | C21: =IF('12'!A5="","",'12'!A5) | D21: {=IF(INDIRECT("'"&B21&"'!AH40")>0,INDIRECT("'"&B21&"'!AH40"),"")} | E21: {=IF(INDIRECT("'"&B21&"'!E40")>0,INDIRECT("'"&B21&"'!E40"),"")} | F21: {=IF(INDIRECT("'"&B21&"'!F40")>0,INDIRECT("'"&B21&"'!F40"),"")} | G21: {=IF(INDIRECT("'"&B21&"'!G40")>0,INDIRECT("'"&B21&"'!G40"),"")} | H21: {=IF(INDIRECT("'"&B21&"'!H40")>0,INDIRECT("'"&B21&"'!H40"),"")} | I21: {=IF(INDIRECT("'"&B21&"'!I40")>0,INDIRECT("'"&B21&"'!I40"),"")} | J21: {=IF(INDIRECT("'"&B21&"'!AJ40")>0,INDIRECT("'"&B21&"'!AJ40"),"")} | K21: {=IF(INDIRECT("'"&B21&"'!AL40")>0,INDIRECT("'"&B21&"'!AL40"),"")} | L21: {=IF(INDIRECT("'"&B21&"'!AN40")>0,INDIRECT("'"&B21&"'!AN40"),"")}
B22: 13 | C22: =IF('13'!A5="","",'13'!A5) | D22: {=IF(INDIRECT("'"&B22&"'!AH40")>0,INDIRECT("'"&B22&"'!AH40"),"")} | E22: {=IF(INDIRECT("'"&B22&"'!E40")>0,INDIRECT("'"&B22&"'!E40"),"")} | F22: {=IF(INDIRECT("'"&B22&"'!F40")>0,INDIRECT("'"&B22&"'!F40"),"")} | G22: {=IF(INDIRECT("'"&B22&"'!G40")>0,INDIRECT("'"&B22&"'!G40"),"")} | H22: {=IF(INDIRECT("'"&B22&"'!H40")>0,INDIRECT("'"&B22&"'!H40"),"")} | I22: {=IF(INDIRECT("'"&B22&"'!I40")>0,INDIRECT("'"&B22&"'!I40"),"")} | J22: {=IF(INDIRECT("'"&B22&"'!AJ40")>0,INDIRECT("'"&B22&"'!AJ40"),"")} | K22: {=IF(INDIRECT("'"&B22&"'!AL40")>0,INDIRECT("'"&B22&"'!AL40"),"")} | L22: {=IF(INDIRECT("'"&B22&"'!AN40")>0,INDIRECT("'"&B22&"'!AN40"),"")}
B23: 14 | C23: =IF('14'!A5="","",'14'!A5) | D23: {=IF(INDIRECT("'"&B23&"'!AH40")>0,INDIRECT("'"&B23&"'!AH40"),"")} | E23: {=IF(INDIRECT("'"&B23&"'!E40")>0,INDIRECT("'"&B23&"'!E40"),"")} | F23: {=IF(INDIRECT("'"&B23&"'!F40")>0,INDIRECT("'"&B23&"'!F40"),"")} | G23: {=IF(INDIRECT("'"&B23&"'!G40")>0,INDIRECT("'"&B23&"'!G40"),"")} | H23: {=IF(INDIRECT("'"&B23&"'!H40")>0,INDIRECT("'"&B23&"'!H40"),"")} | I23: {=IF(INDIRECT("'"&B23&"'!I40")>0,INDIRECT("'"&B23&"'!I40"),"")} | J23: {=IF(INDIRECT("'"&B23&"'!AJ40")>0,INDIRECT("'"&B23&"'!AJ40"),"")} | K23: {=IF(INDIRECT("'"&B23&"'!AL40")>0,INDIRECT("'"&B23&"'!AL40"),"")} | L23: {=IF(INDIRECT("'"&B23&"'!AN40")>0,INDIRECT("'"&B23&"'!AN40"),"")}
B24: 15 | C24: =IF('15'!A5="","",'15'!A5) | D24: {=IF(INDIRECT("'"&B24&"'!AH40")>0,INDIRECT("'"&B24&"'!AH40"),"")} | E24: {=IF(INDIRECT("'"&B24&"'!E40")>0,INDIRECT("'"&B24&"'!E40"),"")} | F24: {=IF(INDIRECT("'"&B24&"'!F40")>0,INDIRECT("'"&B24&"'!F40"),"")} | G24: {=IF(INDIRECT("'"&B24&"'!G40")>0,INDIRECT("'"&B24&"'!G40"),"")} | H24: {=IF(INDIRECT("'"&B24&"'!H40")>0,INDIRECT("'"&B24&"'!H40"),"")} | I24: {=IF(INDIRECT("'"&B24&"'!I40")>0,INDIRECT("'"&B24&"'!I40"),"")} | J24: {=IF(INDIRECT("'"&B24&"'!AJ40")>0,INDIRECT("'"&B24&"'!AJ40"),"")} | K24: {=IF(INDIRECT("'"&B24&"'!AL40")>0,INDIRECT("'"&B24&"'!AL40"),"")} | L24: {=IF(INDIRECT("'"&B24&"'!AN40")>0,INDIRECT("'"&B24&"'!AN40"),"")}
B25: 16 | C25: =IF('16'!A5="","",'16'!A5) | D25: {=IF(INDIRECT("'"&B25&"'!AH40")>0,INDIRECT("'"&B25&"'!AH40"),"")} | E25: {=IF(INDIRECT("'"&B25&"'!E40")>0,INDIRECT("'"&B25&"'!E40"),"")} | F25: {=IF(INDIRECT("'"&B25&"'!F40")>0,INDIRECT("'"&B25&"'!F40"),"")} | G25: {=IF(INDIRECT("'"&B25&"'!G40")>0,INDIRECT("'"&B25&"'!G40"),"")} | H25: {=IF(INDIRECT("'"&B25&"'!H40")>0,INDIRECT("'"&B25&"'!H40"),"")} | I25: {=IF(INDIRECT("'"&B25&"'!I40")>0,INDIRECT("'"&B25&"'!I40"),"")} | J25: {=IF(INDIRECT("'"&B25&"'!AJ40")>0,INDIRECT("'"&B25&"'!AJ40"),"")} | K25: {=IF(INDIRECT("'"&B25&"'!AL40")>0,INDIRECT("'"&B25&"'!AL40"),"")} | L25: {=IF(INDIRECT("'"&B25&"'!AN40")>0,INDIRECT("'"&B25&"'!AN40"),"")}
B26: 17 | C26: =IF('17'!A5="","",'17'!A5) | D26: {=IF(INDIRECT("'"&B26&"'!AH40")>0,INDIRECT("'"&B26&"'!AH40"),"")} | E26: {=IF(INDIRECT("'"&B26&"'!E40")>0,INDIRECT("'"&B26&"'!E40"),"")} | F26: {=IF(INDIRECT("'"&B26&"'!F40")>0,INDIRECT("'"&B26&"'!F40"),"")} | G26: {=IF(INDIRECT("'"&B26&"'!G40")>0,INDIRECT("'"&B26&"'!G40"),"")} | H26: {=IF(INDIRECT("'"&B26&"'!H40")>0,INDIRECT("'"&B26&"'!H40"),"")} | I26: {=IF(INDIRECT("'"&B26&"'!I40")>0,INDIRECT("'"&B26&"'!I40"),"")} | J26: {=IF(INDIRECT("'"&B26&"'!AJ40")>0,INDIRECT("'"&B26&"'!AJ40"),"")} | K26: {=IF(INDIRECT("'"&B26&"'!AL40")>0,INDIRECT("'"&B26&"'!AL40"),"")} | L26: {=IF(INDIRECT("'"&B26&"'!AN40")>0,INDIRECT("'"&B26&"'!AN40"),"")}
B27: 18 | C27: =IF('18'!A5="","",'18'!A5) | D27: {=IF(INDIRECT("'"&B27&"'!AH40")>0,INDIRECT("'"&B27&"'!AH40"),"")} | E27: {=IF(INDIRECT("'"&B27&"'!E40")>0,INDIRECT("'"&B27&"'!E40"),"")} | F27: {=IF(INDIRECT("'"&B27&"'!F40")>0,INDIRECT("'"&B27&"'!F40"),"")} | G27: {=IF(INDIRECT("'"&B27&"'!G40")>0,INDIRECT("'"&B27&"'!G40"),"")} | H27: {=IF(INDIRECT("'"&B27&"'!H40")>0,INDIRECT("'"&B27&"'!H40"),"")} | I27: {=IF(INDIRECT("'"&B27&"'!I40")>0,INDIRECT("'"&B27&"'!I40"),"")} | J27: {=IF(INDIRECT("'"&B27&"'!AJ40")>0,INDIRECT("'"&B27&"'!AJ40"),"")} | K27: {=IF(INDIRECT("'"&B27&"'!AL40")>0,INDIRECT("'"&B27&"'!AL40"),"")} | L27: {=IF(INDIRECT("'"&B27&"'!AN40")>0,INDIRECT("'"&B27&"'!AN40"),"")}
B28: 19 | C28: =IF('19'!A5="","",'19'!A5) | D28: {=IF(INDIRECT("'"&B28&"'!AH40")>0,INDIRECT("'"&B28&"'!AH40"),"")} | E28: {=IF(INDIRECT("'"&B28&"'!E40")>0,INDIRECT("'"&B28&"'!E40"),"")} | F28: {=IF(INDIRECT("'"&B28&"'!F40")>0,INDIRECT("'"&B28&"'!F40"),"")} | G28: {=IF(INDIRECT("'"&B28&"'!G40")>0,INDIRECT("'"&B28&"'!G40"),"")} | H28: {=IF(INDIRECT("'"&B28&"'!H40")>0,INDIRECT("'"&B28&"'!H40"),"")} | I28: {=IF(INDIRECT("'"&B28&"'!I40")>0,INDIRECT("'"&B28&"'!I40"),"")} | J28: {=IF(INDIRECT("'"&B28&"'!AJ40")>0,INDIRECT("'"&B28&"'!AJ40"),"")} | K28: {=IF(INDIRECT("'"&B28&"'!AL40")>0,INDIRECT("'"&B28&"'!AL40"),"")} | L28: {=IF(INDIRECT("'"&B28&"'!AN40")>0,INDIRECT("'"&B28&"'!AN40"),"")}
B29: 20 | C29: =IF('20'!A5="","",'20'!A5) | D29: {=IF(INDIRECT("'"&B29&"'!AH40")>0,INDIRECT("'"&B29&"'!AH40"),"")} | E29: {=IF(INDIRECT("'"&B29&"'!E40")>0,INDIRECT("'"&B29&"'!E40"),"")} | F29: {=IF(INDIRECT("'"&B29&"'!F40")>0,INDIRECT("'"&B29&"'!F40"),"")} | G29: {=IF(INDIRECT("'"&B29&"'!G40")>0,INDIRECT("'"&B29&"'!G40"),"")} | H29: {=IF(INDIRECT("'"&B29&"'!H40")>0,INDIRECT("'"&B29&"'!H40"),"")} | I29: {=IF(INDIRECT("'"&B29&"'!I40")>0,INDIRECT("'"&B29&"'!I40"),"")} | J29: {=IF(INDIRECT("'"&B29&"'!AJ40")>0,INDIRECT("'"&B29&"'!AJ40"),"")} | K29: {=IF(INDIRECT("'"&B29&"'!AL40")>0,INDIRECT("'"&B29&"'!AL40"),"")} | L29: {=IF(INDIRECT("'"&B29&"'!AN40")>0,INDIRECT("'"&B29&"'!AN40"),"")}
B30: 21 | C30: =IF('21'!A5="","",'21'!A5) | D30: {=IF(INDIRECT("'"&B30&"'!AH40")>0,INDIRECT("'"&B30&"'!AH40"),"")} | E30: {=IF(INDIRECT("'"&B30&"'!E40")>0,INDIRECT("'"&B30&"'!E40"),"")} | F30: {=IF(INDIRECT("'"&B30&"'!F40")>0,INDIRECT("'"&B30&"'!F40"),"")} | G30: {=IF(INDIRECT("'"&B30&"'!G40")>0,INDIRECT("'"&B30&"'!G40"),"")} | H30: {=IF(INDIRECT("'"&B30&"'!H40")>0,INDIRECT("'"&B30&"'!H40"),"")} | I30: {=IF(INDIRECT("'"&B30&"'!I40")>0,INDIRECT("'"&B30&"'!I40"),"")} | J30: {=IF(INDIRECT("'"&B30&"'!AJ40")>0,INDIRECT("'"&B30&"'!AJ40"),"")} | K30: {=IF(INDIRECT("'"&B30&"'!AL40")>0,INDIRECT("'"&B30&"'!AL40"),"")} | L30: {=IF(INDIRECT("'"&B30&"'!AN40")>0,INDIRECT("'"&B30&"'!AN40"),"")}
B31: 22 | C31: =IF('22'!A5="","",'22'!A5) | D31: {=IF(INDIRECT("'"&B31&"'!AH40")>0,INDIRECT("'"&B31&"'!AH40"),"")} | E31: {=IF(INDIRECT("'"&B31&"'!E40")>0,INDIRECT("'"&B31&"'!E40"),"")} | F31: {=IF(INDIRECT("'"&B31&"'!F40")>0,INDIRECT("'"&B31&"'!F40"),"")} | G31: {=IF(INDIRECT("'"&B31&"'!G40")>0,INDIRECT("'"&B31&"'!G40"),"")} | H31: {=IF(INDIRECT("'"&B31&"'!H40")>0,INDIRECT("'"&B31&"'!H40"),"")} | I31: {=IF(INDIRECT("'"&B31&"'!I40")>0,INDIRECT("'"&B31&"'!I40"),"")} | J31: {=IF(INDIRECT("'"&B31&"'!AJ40")>0,INDIRECT("'"&B31&"'!AJ40"),"")} | K31: {=IF(INDIRECT("'"&B31&"'!AL40")>0,INDIRECT("'"&B31&"'!AL40"),"")} | L31: {=IF(INDIRECT("'"&B31&"'!AN40")>0,INDIRECT("'"&B31&"'!AN40"),"")}
B32: 23 | C32: =IF('23'!A5="","",'23'!A5) | D32: {=IF(INDIRECT("'"&B32&"'!AH40")>0,INDIRECT("'"&B32&"'!AH40"),"")} | E32: {=IF(INDIRECT("'"&B32&"'!E40")>0,INDIRECT("'"&B32&"'!E40"),"")} | F32: {=IF(INDIRECT("'"&B32&"'!F40")>0,INDIRECT("'"&B32&"'!F40"),"")} | G32: {=IF(INDIRECT("'"&B32&"'!G40")>0,INDIRECT("'"&B32&"'!G40"),"")} | H32: {=IF(INDIRECT("'"&B32&"'!H40")>0,INDIRECT("'"&B32&"'!H40"),"")} | I32: {=IF(INDIRECT("'"&B32&"'!I40")>0,INDIRECT("'"&B32&"'!I40"),"")} | J32: {=IF(INDIRECT("'"&B32&"'!AJ40")>0,INDIRECT("'"&B32&"'!AJ40"),"")} | K32: {=IF(INDIRECT("'"&B32&"'!AL40")>0,INDIRECT("'"&B32&"'!AL40"),"")} | L32: {=IF(INDIRECT("'"&B32&"'!AN40")>0,INDIRECT("'"&B32&"'!AN40"),"")}
B33: 24 | C33: =IF('24'!A5="","",'24'!A5) | D33: {=IF(INDIRECT("'"&B33&"'!AH40")>0,INDIRECT("'"&B33&"'!AH40"),"")} | E33: {=IF(INDIRECT("'"&B33&"'!E40")>0,INDIRECT("'"&B33&"'!E40"),"")} | F33: {=IF(INDIRECT("'"&B33&"'!F40")>0,INDIRECT("'"&B33&"'!F40"),"")} | G33: {=IF(INDIRECT("'"&B33&"'!G40")>0,INDIRECT("'"&B33&"'!G40"),"")} | H33: {=IF(INDIRECT("'"&B33&"'!H40")>0,INDIRECT("'"&B33&"'!H40"),"")} | I33: {=IF(INDIRECT("'"&B33&"'!I40")>0,INDIRECT("'"&B33&"'!I40"),"")} | J33: {=IF(INDIRECT("'"&B33&"'!AJ40")>0,INDIRECT("'"&B33&"'!AJ40"),"")} | K33: {=IF(INDIRECT("'"&B33&"'!AL40")>0,INDIRECT("'"&B33&"'!AL40"),"")} | L33: {=IF(INDIRECT("'"&B33&"'!AN40")>0,INDIRECT("'"&B33&"'!AN40"),"")}
B34: 25 | C34: =IF('25'!A5="","",'25'!A5) | D34: {=IF(INDIRECT("'"&B34&"'!AH40")>0,INDIRECT("'"&B34&"'!AH40"),"")} | E34: {=IF(INDIRECT("'"&B34&"'!E40")>0,INDIRECT("'"&B34&"'!E40"),"")} | F34: {=IF(INDIRECT("'"&B34&"'!F40")>0,INDIRECT("'"&B34&"'!F40"),"")} | G34: {=IF(INDIRECT("'"&B34&"'!G40")>0,INDIRECT("'"&B34&"'!G40"),"")} | H34: {=IF(INDIRECT("'"&B34&"'!H40")>0,INDIRECT("'"&B34&"'!H40"),"")} | I34: {=IF(INDIRECT("'"&B34&"'!I40")>0,INDIRECT("'"&B34&"'!I40"),"")} | J34: {=IF(INDIRECT("'"&B34&"'!AJ40")>0,INDIRECT("'"&B34&"'!AJ40"),"")} | K34: {=IF(INDIRECT("'"&B34&"'!AL40")>0,INDIRECT("'"&B34&"'!AL40"),"")} | L34: {=IF(INDIRECT("'"&B34&"'!AN40")>0,INDIRECT("'"&B34&"'!AN40"),"")}
B35: 26 | C35: =IF('26'!A5="","",'26'!A5) | D35: {=IF(INDIRECT("'"&B35&"'!AH40")>0,INDIRECT("'"&B35&"'!AH40"),"")} | E35: {=IF(INDIRECT("'"&B35&"'!E40")>0,INDIRECT("'"&B35&"'!E40"),"")} | F35: {=IF(INDIRECT("'"&B35&"'!F40")>0,INDIRECT("'"&B35&"'!F40"),"")} | G35: {=IF(INDIRECT("'"&B35&"'!G40")>0,INDIRECT("'"&B35&"'!G40"),"")} | H35: {=IF(INDIRECT("'"&B35&"'!H40")>0,INDIRECT("'"&B35&"'!H40"),"")} | I35: {=IF(INDIRECT("'"&B35&"'!I40")>0,INDIRECT("'"&B35&"'!I40"),"")} | J35: {=IF(INDIRECT("'"&B35&"'!AJ40")>0,INDIRECT("'"&B35&"'!AJ40"),"")} | K35: {=IF(INDIRECT("'"&B35&"'!AL40")>0,INDIRECT("'"&B35&"'!AL40"),"")} | L35: {=IF(INDIRECT("'"&B35&"'!AN40")>0,INDIRECT("'"&B35&"'!AN40"),"")}
B36: 27 | C36: =IF('27'!A5="","",'27'!A5) | D36: {=IF(INDIRECT("'"&B36&"'!AH40")>0,INDIRECT("'"&B36&"'!AH40"),"")} | E36: {=IF(INDIRECT("'"&B36&"'!E40")>0,INDIRECT("'"&B36&"'!E40"),"")} | F36: {=IF(INDIRECT("'"&B36&"'!F40")>0,INDIRECT("'"&B36&"'!F40"),"")} | G36: {=IF(INDIRECT("'"&B36&"'!G40")>0,INDIRECT("'"&B36&"'!G40"),"")} | H36: {=IF(INDIRECT("'"&B36&"'!H40")>0,INDIRECT("'"&B36&"'!H40"),"")} | I36: {=IF(INDIRECT("'"&B36&"'!I40")>0,INDIRECT("'"&B36&"'!I40"),"")} | J36: {=IF(INDIRECT("'"&B36&"'!AJ40")>0,INDIRECT("'"&B36&"'!AJ40"),"")} | K36: {=IF(INDIRECT("'"&B36&"'!AL40")>0,INDIRECT("'"&B36&"'!AL40"),"")} | L36: {=IF(INDIRECT("'"&B36&"'!AN40")>0,INDIRECT("'"&B36&"'!AN40"),"")}
B37: 28 | C37: =IF('28'!A5="","",'28'!A5) | D37: {=IF(INDIRECT("'"&B37&"'!AH40")>0,INDIRECT("'"&B37&"'!AH40"),"")} | E37: {=IF(INDIRECT("'"&B37&"'!E40")>0,INDIRECT("'"&B37&"'!E40"),"")} | F37: {=IF(INDIRECT("'"&B37&"'!F40")>0,INDIRECT("'"&B37&"'!F40"),"")} | G37: {=IF(INDIRECT("'"&B37&"'!G40")>0,INDIRECT("'"&B37&"'!G40"),"")} | H37: {=IF(INDIRECT("'"&B37&"'!H40")>0,INDIRECT("'"&B37&"'!H40"),"")} | I37: {=IF(INDIRECT("'"&B37&"'!I40")>0,INDIRECT("'"&B37&"'!I40"),"")} | J37: {=IF(INDIRECT("'"&B37&"'!AJ40")>0,INDIRECT("'"&B37&"'!AJ40"),"")} | K37: {=IF(INDIRECT("'"&B37&"'!AL40")>0,INDIRECT("'"&B37&"'!AL40"),"")} | L37: {=IF(INDIRECT("'"&B37&"'!AN40")>0,INDIRECT("'"&B37&"'!AN40"),"")}
B38: 29 | C38: =IF('29'!A5="","",'29'!A5) | D38: {=IF(INDIRECT("'"&B38&"'!AH40")>0,INDIRECT("'"&B38&"'!AH40"),"")} | E38: {=IF(INDIRECT("'"&B38&"'!E40")>0,INDIRECT("'"&B38&"'!E40"),"")} | F38: {=IF(INDIRECT("'"&B38&"'!F40")>0,INDIRECT("'"&B38&"'!F40"),"")} | G38: {=IF(INDIRECT("'"&B38&"'!G40")>0,INDIRECT("'"&B38&"'!G40"),"")} | H38: {=IF(INDIRECT("'"&B38&"'!H40")>0,INDIRECT("'"&B38&"'!H40"),"")} | I38: {=IF(INDIRECT("'"&B38&"'!I40")>0,INDIRECT("'"&B38&"'!I40"),"")} | J38: {=IF(INDIRECT("'"&B38&"'!AJ40")>0,INDIRECT("'"&B38&"'!AJ40"),"")} | K38: {=IF(INDIRECT("'"&B38&"'!AL40")>0,INDIRECT("'"&B38&"'!AL40"),"")} | L38: {=IF(INDIRECT("'"&B38&"'!AN40")>0,INDIRECT("'"&B38&"'!AN40"),"")}
B39: 30 | C39: =IF('30'!A5="","",'30'!A5) | D39: {=IF(INDIRECT("'"&B39&"'!AH40")>0,INDIRECT("'"&B39&"'!AH40"),"")} | E39: {=IF(INDIRECT("'"&B39&"'!E40")>0,INDIRECT("'"&B39&"'!E40"),"")} | F39: {=IF(INDIRECT("'"&B39&"'!F40")>0,INDIRECT("'"&B39&"'!F40"),"")} | G39: {=IF(INDIRECT("'"&B39&"'!G40")>0,INDIRECT("'"&B39&"'!G40"),"")} | H39: {=IF(INDIRECT("'"&B39&"'!H40")>0,INDIRECT("'"&B39&"'!H40"),"")} | I39: {=IF(INDIRECT("'"&B39&"'!I40")>0,INDIRECT("'"&B39&"'!I40"),"")} | J39: {=IF(INDIRECT("'"&B39&"'!AJ40")>0,INDIRECT("'"&B39&"'!AJ40"),"")} | K39: {=IF(INDIRECT("'"&B39&"'!AL40")>0,INDIRECT("'"&B39&"'!AL40"),"")} | L39: {=IF(INDIRECT("'"&B39&"'!AN40")>0,INDIRECT("'"&B39&"'!AN40"),"")}
B40: 31 | C40: =IF('31'!A5="","",'31'!A5) | D40: {=IF(INDIRECT("'"&B40&"'!AH40")>0,INDIRECT("'"&B40&"'!AH40"),"")} | E40: {=IF(INDIRECT("'"&B40&"'!E40")>0,INDIRECT("'"&B40&"'!E40"),"")} | F40: {=IF(INDIRECT("'"&B40&"'!F40")>0,INDIRECT("'"&B40&"'!F40"),"")} | G40: {=IF(INDIRECT("'"&B40&"'!G40")>0,INDIRECT("'"&B40&"'!G40"),"")} | H40: {=IF(INDIRECT("'"&B40&"'!H40")>0,INDIRECT("'"&B40&"'!H40"),"")} | I40: {=IF(INDIRECT("'"&B40&"'!I40")>0,INDIRECT("'"&B40&"'!I40"),"")} | J40: {=IF(INDIRECT("'"&B40&"'!AJ40")>0,INDIRECT("'"&B40&"'!AJ40"),"")} | K40: {=IF(INDIRECT("'"&B40&"'!AL40")>0,INDIRECT("'"&B40&"'!AL40"),"")} | L40: {=IF(INDIRECT("'"&B40&"'!AN40")>0,INDIRECT("'"&B40&"'!AN40"),"")}
D41: =SUM(D10:D40) | E41: =SUM(E10:E40) | F41: =SUM(F10:F40) | G41: =SUM(G10:G40) | H41: =SUM(H10:H40) | I41: =SUM(I10:I40) | J41: =SUM(J10:J40) | K41: =SUM(K10:K40) | L41: =SUM(L10:L40)

Sheet Расход 1-10
A1: Дата | B1: Стирок | C1: Кг белья | D1: EMULSIFIER | E1: ALKALINE | F1: BLEACH | G1: SOFTENER | H1: NEUTRALIZER | I1: Ваниш | J1: Ленор | K1: Порошок
A2: 1
A3: 2
A4: 3
A5: 4
A6: 5
A7: 6
A8: 7
A9: 8
A10: 9
A11: 10
A12: 11
A13: 12
... A32: 31
A33: ИТОГО

Sheet Расход 11-12
A1: Дата | B1: Стирок | C1: Кг белья | D1: EMULSIFIER | E1: ALKALINE | F1: BLEACH | G1: SOFTENER | H1: NEUTRALIZER | I1: Ваниш | J1: Ленор | K1: Порошок
A2: 1
A3: 2
A4: 3
A5: 4
A6: 5
A7: 6
A8: 7
A9: 8
A10: 9
A11: 10
A12: 11
A13: 12
... A32: 31
A33: ИТОГО

Sheet Расход общий
A1: Дата | B1: Стирок | C1: Кг белья | D1: EMULSIFIER | E1: ALKALINE | F1: BLEACH | G1: SOFTENER | H1: NEUTRALIZER | I1: Ваниш | J1: Ленор | K1: Порошок
A2: 1
A3: 2
A4: 3
A5: 4
A6: 5
A7: 6
A8: 7
A9: 8
A10: 9
A11: 10
A12: 11
A13: 12
... A32: 31
A33: ИТОГО

Sheet Машины 1-10
A1: Дата | B1: Дозатор | C1: Машина | D1: Стирок | E1: Кг белья | F1: EMULSIFIER | G1: ALKALINE | H1: BLEACH | I1: SOFTENER | J1: NEUTRALIZER | K1: Ваниш | L1: Ленор | M1: Порошок

Sheet Машины 11-12
A1: Дата | B1: Дозатор | C1: Машина | D1: Стирок | E1: Кг белья | F1: EMULSIFIER | G1: ALKALINE | H1: BLEACH | I1: SOFTENER | J1: NEUTRALIZER | K1: Ваниш | L1: Ленор | M1: Порошок

Sheet Химия по дозаторам
A1: Дата | B1: Дозатор | C1: Химикат | D1: Тип | E1: Теория, л | F1: Факт, л | G1: Разница, л | H1: Отклонение % | I1: Замены | J1: Без остатка

Sheet Сводка по машинам
A1: Дозатор | B1: Машина | C1: Стирок | D1: Кг белья | E1: Средний кг/стирку | F1: EMULSIFIER | G1: ALKALINE | H1: BLEACH | I1: SOFTENER | J1: NEUTRALIZER | K1: Ваниш | L1: Ленор | M1: Порошок
